2,BOS
3,EOS
4,.
5,the
6,is
7,","
8,in
9,?
10,to
11,of
12,a
13,this
14,it
15,and
16,was
17,are
18,:
19,he
20,for
21,on
22,what
23,be
24,will
25,you
26,i
27,''
28,not
29,has
30,were
31,have
32,there
33,that
34,with
35,they
36,police
37,``
38,but
39,!
40,do
41,no
42,we
43,been
44,at
45,from
46,two
47,)
48,all
49,(
50,also
51,people
52,by
53,your
54,very
55,why
56,how
57,about
58,one
59,as
60,so
61,can
62,them
63,its
64,...
65,his
66,accused
67,injured
68,arrested
69,against
70,case
71,an
72,good
73,killed
74,out
75,students
76,more
77,my
78,accident
79,'s
80,said
81,too
82,day
83,she
84,new
85,dont
86,india
87,had
88,their
89,government
90,after
91,road
92,1
93,being
94,%
95,did
96,held
97,singh
98,should
99,where
100,first
101,school
102,work
103,protest
104,three
105,-
106,both
107,punjab
108,world
109,then
110,other
111,these
112,dies
113,him
114,court
115,many
116,family
117,here
118,congress
119,delhi
120,up
121,water
122,who
123,dr
124,time
125,driver
126,children
127,s
128,2
129,get
130,thats
131,however
132,hospital
133,our
134,into
135,life
136,state
137,much
138,need
139,bjp
140,'
141,whats
142,me
143,indian
144,film
145,some
146,know
147,man
148,&
149,youth
150,n't
151,farmers
152,food
153,go
154,news
155,such
156,celebrated
157,child
158,happened
159,different
160,only
161,incident
162,programme
163,3
164,anything
165,pakistan
166,does
167,later
168,rs
169,nothing
170,use
171,treatment
172,meeting
173,am
174,car
175,us
176,workers
177,minister
178,well
179,make
180,women
181,occasion
182,present
183,sharma
184,off
185,her
186,got
187,or
188,girl
189,going
190,registered
191,home
192,under
193,matter
194,taken
195,god
196,would
197,15
198,began
199,lot
200,among
201,cases
202,want
203,information
204,during
205,over
206,say
207,died
208,informed
209,stage
210,just
211,bus
212,change
213,investigation
214,attack
215,health
216,problem
217,teachers
218,yes
219,murder
220,reported
221,sugar
222,went
223,action
224,issue
225,quite
226,like
227,woman
228,mishap
229,done
230,death
231,which
232,happy
233,could
234,media
235,add
236,answer
237,10
238,best
239,movie
240,several
241,house
242,body
243,seized
244,anyone
245,soon
246,modi
247,must
248,serious
249,president
250,[
251,]
252,list
253,chief
254,rally
255,govt
256,city
257,right
258,suicide
259,heart
260,per
261,cup
262,love
263,made
264,let
265,4
266,khan
267,full
268,take
269,think
270,see
271,always
272,bank
273,principal
274,back
275,isnt
276,daughter
277,show
278,questions
279,20
280,traffic
281,easy
282,50
283,name
284,times
285,took
286,price
287,officers
288,party
289,university
290,become
291,than
292,central
293,number
294,those
295,still
296,identified
297,dead
298,immediately
299,read
300,open
301,really
302,eyes
303,liquor
304,situation
305,fled
306,committee
307,increase
308,help
309,another
310,important
311,nobody
312,come
313,thing
314,mind
315,works
316,october
317,5
318,photo
319,click
320,trump
321,question
322,speaking
323,every
324,entire
325,five
326,cash
327,when
328,college
329,100
330,found
331,district
332,process
333,june
334,money
335,strong
336,away
337,injuries
338,talk
339,seminar
340,never
341,place
342,lakh
343,hit
344,jail
345,high
346,same
347,true
348,mobile
349,diseases
350,required
351,doctors
352,doesnt
353,friends
354,religious
355,free
356,file
357,kashmir
358,social
359,chandigarh
360,may
361,most
362,start
363,stolen
364,6
365,employees
366,colour
367,needs
368,great
369,everyone
370,key
371,season
372,shot
373,power
374,poor
375,known
376,second
377,march
378,gms
379,team
380,given
381,election
382,options
383,run
384,feel
385,find
386,directed
387,support
388,left
389,look
390,give
391,device
392,army
393,dangerous
394,oil
395,truck
396,vehicle
397,patients
398,results
399,drug
400,keep
401,son
402,national
403,sahib
404,large
405,next
406,crore
407,act
408,actor
409,living
410,called
411,supreme
412,author
413,staff
414,human
415,rights
416,choose
417,night
418,camp
419,possible
420,participated
421,error
422,hold
423,milk
424,200
425,each
426,long
427,try
428,asked
429,talks
430,currently
431,development
432,understand
433,fire
434,fruits
435,lord
436,/
437,special
438,boy
439,came
440,lodged
441,economic
442,scene
443,history
444,cost
445,video
446,include
447,underway
448,mother
449,custody
450,politics
451,july
452,image
453,along
454,application
455,'re
456,way
457,reality
458,begins
459,getting
460,regard
461,recovered
462,wasnt
463,between
464,27
465,14
466,married
467,due
468,aap
469,camera
470,seen
471,thank
472,director
473,immediate
474,working
475,hard
476,create
477,award
478,pm
479,men
480,rise
481,leaders
482,clean
483,date
484,society
485,ways
486,raised
487,report
488,positive
489,wrong
490,following
491,check
492,gets
493,spot
494,problems
495,war
496,old
497,father
498,even
499,worth
500,event
501,7
502,major
503,control
504,once
505,actress
506,everything
507,yourself
508,things
509,symptoms
510,china
511,documents
512,interesting
513,bad
514,face
515,crash
516,area
517,effect
518,says
519,12
520,hope
521,according
522,down
523,hurt
524,science
525,service
526,couple
527,continue
528,last
529,far
530,operation
531,gods
532,tsp
533,system
534,reasons
535,fact
536,before
537,happen
538,residents
539,condition
540,local
541,song
542,judicial
543,passengers
544,eat
545,together
546,drink
547,set
548,die
549,slogans
550,page
551,default
552,education
553,success
554,active
555,words
556,brothers
557,vegetables
558,little
559,business
560,none
561,schools
562,seems
563,while
564,looking
565,services
566,appointed
567,issues
568,own
569,benefits
570,workshop
571,competition
572,student
573,public
574,types
575,function
576,started
577,phone
578,light
579,strike
580,any
581,travel
582,fourth
583,probe
584,girls
585,wife
586,booked
587,online
588,names
589,fervour
590,yet
591,fun
592,activity
593,sleep
594,decision
595,hands
596,admitted
597,happens
598,september
599,bodies
600,rushed
601,examples
602,choice
603,total
604,consider
605,group
606,punjabi
607,part
608,gold
609,remain
610,answers
611,kg
612,heroin
613,runs
614,onion
615,gupta
616,village
617,remember
618,clear
619,message
620,taking
621,youths
622,meet
623,april
624,note
625,comes
626,minor
627,raped
628,circumstances
629,network
630,select
631,send
632,former
633,leader
634,amritsar
635,background
636,wash
637,11
638,result
639,memory
640,wear
641,birth
642,anniversary
643,thinking
644,guest
645,leave
646,something
647,officials
648,ive
649,cause
650,crime
651,art
652,step
653,kept
654,accidents
655,land
656,private
657,november
658,days
659,credit
660,earth
661,illegal
662,favourite
663,commit
664,press
665,protests
666,commissioner
667,committing
668,country
669,robbery
670,small
671,announced
672,unable
673,movement
674,general
675,illicit
676,cent
677,suffered
678,tea
679,skin
680,win
681,steps
682,completed
683,deceased
684,fresh
685,singer
686,around
687,matters
688,weather
689,reason
690,gives
691,husband
692,im
693,stopped
694,proud
695,labourer
696,value
697,nature
698,better
699,match
700,perhaps
701,gone
702,agencies
703,display
704,today
705,truth
706,sister
707,nearly
708,trust
709,opposition
710,mr.
711,department
712,person
713,secretary
714,deal
715,holds
716,connection
717,trying
718,missing
719,assault
720,book
721,various
722,candidate
723,please
724,received
725,if
726,law
727,available
728,electricity
729,difficult
730,kumar
731,dera
732,bassi
733,failed
734,settings
735,end
736,main
737,cultural
738,powder
739,station
740,drugs
741,january
742,server
743,centre
744,rahul
745,gandhi
746,29
747,agree
748,political
749,scheme
750,mandi
751,england
752,used
753,distributed
754,stop
755,rules
756,elections
757,necessary
758,8
759,changed
760,heres
761,hes
762,identity
763,19
764,wrote
765,salt
766,pepper
767,countries
768,boys
769,jalandhar
770,option
771,common
772,pregnant
773,submitted
774,birthday
775,frequently
776,direction
777,doctor
778,dhoni
779,captain
780,tbsp
781,civil
782,grams
783,whos
784,responsible
785,unidentified
786,tell
787,story
788,theres
789,actually
790,border
791,didnt
792,playing
793,train
794,play
795,prices
796,pak
797,fans
798,coming
799,hindi
800,primary
801,response
802,governments
803,seriously
804,awareness
805,writes
806,jehovah
807,text
808,color
809,degrees
810,26
811,heated
812,discussion
813,union
814,course
815,type
816,test
817,views
818,maharashtra
819,repeat
820,turmeric
821,peaceful
822,summons
823,printer
824,black
825,weight
826,negative
827,daughters
828,9
829,jewellery
830,park
831,jesus
832,green
833,pretty
834,everywhere
835,whose
836,responsibility
837,fulfilled
838,fight
839,anger
840,kids
841,blood
842,extremely
843,young
844,based
845,became
846,quiet
847,final
848,looked
849,lead
850,population
851,size
852,military
853,2014
854,wickets
855,celebrate
856,falls
857,terrorist
858,16
859,worlds
860,attended
861,follows
862,won
863,indias
864,justice
865,cancer
866,cut
867,escaped
868,few
869,ca
870,paris
871,jammu
872,crisis
873,sad
874,eye
875,loss
876,vote
877,faculty
878,weighs
879,heat
880,brother
881,killing
882,songs
883,c
884,strict
885,medal
886,exercise
887,france
888,21
889,cream
890,single
891,ltd
892,iran
893,put
894,enable
895,reputation
896,shooting
897,womens
898,believe
899,top
900,happening
901,air
902,celsius
903,bones
904,game
905,blessings
906,pictures
907,cant
908,rejects
909,release
910,provided
911,making
912,inspection
913,stay
914,financial
915,heard
916,jobs
917,smartphone
918,b
919,ones
920,games
921,ministry
922,30
923,speaker
924,red
925,language
926,teen
927,allegations
928,realise
929,technical
930,fatehgarh
931,difference
932,spoon
933,defeat
934,ludhiana
935,shops
936,global
937,often
938,wish
939,bathinda
940,mishaps
941,prime
942,nation
943,inside
944,candidates
945,o
946,gujarat
947,sent
948,g
949,presented
950,likely
951,complaint
952,title
953,expectations
954,hockey
955,lets
956,suit
957,persons
958,search
959,bench
960,job
961,tasty
962,tarn
963,taran
964,festival
965,exams
966,supposed
967,books
968,interview
969,increasing
970,caused
971,enough
972,creative
973,past
974,obvious
975,murdered
976,bless
977,culture
978,commits
979,training
980,buy
981,patience
982,plan
983,muslim
984,events
985,leads
986,members
987,whole
988,details
989,officer
990,thought
991,organised
992,sought
993,happiness
994,includes
995,sometimes
996,peace
997,theme
998,celebrates
999,annual
1000,wins
1001,denied
1002,selection
1003,south
1004,ended
1005,registration
1006,relief
1007,pension
1008,demanded
1009,since
1010,learning
1011,quality
1012,natural
1013,busy
1014,again
1015,big
1016,sikh
1017,live
1018,items
1019,mumbai
1020,chinese
1021,authorities
1022,2020
1023,interrogated
1024,fear
1025,buses
1026,article
1027,cbi
1028,configuration
1029,violence
1030,word
1031,attempt
1032,sound
1033,shah
1034,dreams
1035,poet
1036,apply
1037,february
1038,role
1039,beings
1040,completely
1041,experience
1042,harvest
1043,statement
1044,detained
1045,pradesh
1046,charge
1047,record
1048,ever
1049,session
1050,six
1051,security
1052,board
1053,hits
1054,fighting
1055,third
1056,sit
1057,honoured
1058,alive
1059,view
1060,administration
1061,posts
1062,letter
1063,cop
1064,smuggling
1065,films
1066,clipboard
1067,ambedkar
1068,warm
1069,useful
1070,company
1071,exam
1072,schedule
1073,cars
1074,product
1075,healthy
1076,diet
1077,visit
1078,paste
1079,sticks
1080,asking
1081,parties
1082,official
1083,cricket
1084,tourney
1085,escape
1086,changing
1087,fix
1088,victim
1089,flock
1090,plenty
1091,sensitive
1092,55
1093,markets
1094,medicine
1095,#
1096,basis
1097,battery
1098,families
1099,current
1100,volume
1101,increased
1102,mist
1103,throughout
1104,using
1105,personal
1106,powerful
1107,silver
1108,contributed
1109,53
1110,winter
1111,rail
1112,slice
1113,teacher
1114,ms
1115,international
1116,knows
1117,worried
1118,cleanliness
1119,kills
1120,claims
1121,territory
1122,cd
1123,program
1124,nabbed
1125,lies
1126,prof
1127,mysterious
1128,tunnel
1129,championship
1130,skill
1131,therefore
1132,hospitalised
1133,scroll
1134,debt
1135,farmer
1136,himself
1137,almond
1138,mix
1139,mild
1140,trouble
1141,tested
1142,approved
1143,robbers
1144,button
1145,properties
1146,agricultural
1147,delicious
1148,perfect
1149,million
1150,sustained
1151,addiction
1152,shifted
1153,leprosy
1154,impact
1155,vice-chancellor
1156,hospitals
1157,broke
1158,themselves
1159,crowd
1160,alone
1161,maya
1162,1/2
1163,150
1164,60
1165,looted
1166,bike
1167,sri
1168,changes
1169,snatched
1170,river
1171,break
1172,simple
1173,linesmen
1174,within
1175,brave
1176,reduce
1177,cholesterol
1178,carry
1179,diplomat
1180,crops
1181,slain
1182,terrorists
1183,decoration
1184,discussed
1185,column
1186,attacked
1187,frightened
1188,influence
1189,preparation
1190,object
1191,gorgeous
1192,white
1193,india-us
1194,relationship
1195,stronger
1196,entertainment
1197,sports
1198,conditions
1199,commence
1200,strategy
1201,sweet
1202,sparked
1203,music
1204,afraid
1205,fall
1206,maha
1207,rooftop
1208,majority
1209,feature
1210,tour
1211,further
1212,logged
1213,august
1214,doing
1215,collapsed
1216,turned
1217,assembly
1218,club
1219,seats
1220,moment
1221,republic
1222,sitting
1223,independent
1224,contain
1225,google
1226,hate
1227,close
1228,museum
1229,petrol
1230,diesel
1231,'not
1232,simply
1233,accommodation
1234,needed
1235,ghee
1236,goes
1237,ap
1238,aries
1239,treat
1240,fraud
1241,edit
1242,else
1243,across
1244,plugin
1245,spouse
1246,phones
1247,disappointed
1248,recommendations
1249,starts
1250,construction
1251,payment
1252,lemon
1253,juice
1254,thanks
1255,huge
1256,400
1257,inaugurated
1258,adjudged
1259,player
1260,internal
1261,russia
1262,vitamin
1263,capacity
1264,condensed
1265,shall
1266,48
1267,effects
1268,dear
1269,readers
1270,repeated
1271,lie
1272,followed
1273,remote
1274,modis
1275,mahesh
1276,28
1277,evergreen
1278,bibles
1279,bottles
1280,appropriate
1281,provides
1282,stable
1283,potholes
1284,mobiles
1285,rescued
1286,facts
1287,led
1288,concludes
1289,carrying
1290,arms
1291,blasts
1292,welcome
1293,couldnt
1294,icon
1295,composer
1296,maybe
1297,north
1298,east
1299,organizer
1300,editor
1301,wow
1302,observation
1303,goods
1304,beautiful
1305,magistrate
1306,class
1307,suffer
1308,kanpur
1309,flavourful
1310,build
1311,climate
1312,marriages
1313,shop
1314,box
1315,psalm
1316,31
1317,supply
1318,affected
1319,sense
1320,until
1321,side
1322,basic
1323,citizens
1324,moving
1325,fast
1326,born
1327,joshi
1328,factory
1329,late
1330,might
1331,industry
1332,nor
1333,expected
1334,efforts
1335,talking
1336,explosion
1337,drop
1338,bsf
1339,street
1340,orange
1341,causes
1342,pooja
1343,tense
1344,login
1345,blue
1346,resumed
1347,exist
1348,pick
1349,millions
1350,photos
1351,solution
1352,relationships
1353,cheese
1354,additional
1355,features
1356,flight
1357,cancelled
1358,suspects
1359,related
1360,manmohan
1361,sky
1362,nia
1363,houses
1364,burnt
1365,edition
1366,talwandi
1367,sabo
1368,rule
1369,mr
1370,congratulated
1371,hindu
1372,though
1373,enters
1374,scan
1375,hair
1376,running
1377,files
1378,mental
1379,illness
1380,pressure
1381,recent
1382,alright
1383,anybody
1384,shy
1385,installing
1386,cheaper
1387,style
1388,parking
1389,70
1390,rain
1391,begin
1392,address
1393,iraq
1394,lal
1395,payal
1396,brings
1397,silence
1398,butter
1399,balbir
1400,effective
1401,40
1402,office
1403,followers
1404,extent
1405,amit
1406,waste
1407,hearing
1408,silent
1409,kaur
1410,athlete
1411,conference
1412,abroad
1413,acceptable
1414,future
1415,parents
1416,watch
1417,akali
1418,repository
1419,standard
1420,22
1421,activated
1422,load
1423,businessmen
1424,created
1425,tickets
1426,capricorn
1427,knew
1428,data
1429,burn
1430,procedure
1431,becomes
1432,head
1433,shouted
1434,beginning
1435,update
1436,inmate
1437,aware
1438,interest
1439,forced
1440,labourers
1441,contact
1442,december
1443,consuming
1444,poison
1445,daily
1446,stuck
1447,inaction
1448,alleged
1449,looks
1450,location
1451,installed
1452,u.s
1453,seem
1454,commission
1455,constitutional
1456,2021
1457,save
1458,involved
1459,reports
1460,casualty
1461,easier
1462,vs
1463,chilli
1464,month
1465,thereafter
1466,category
1467,earthquake
1468,import
1469,account
1470,ground
1471,nigeria
1472,otherwise
1473,regular
1474,searching
1475,others
1476,chopra
1477,refugees
1478,x
1479,makes
1480,coronavirus
1481,bill
1482,environment
1483,wanted
1484,takes
1485,through
1486,arrest
1487,flour
1488,sixth
1489,warner
1490,store
1491,android
1492,ml
1493,cold
1494,outside
1495,24
1496,movies
1497,viral
1498,waiting
1499,nankana
1500,plea
1501,benefit
1502,percent
1503,window
1504,dark
1505,trend
1506,clothing
1507,legal
1508,agenda
1509,disc
1510,eight
1511,protection
1512,records
1513,lunch
1514,trains
1515,temperature
1516,bomb
1517,specs
1518,divided
1519,areas
1520,unions
1521,superintendent
1522,maintenance
1523,voice
1524,accepted
1525,thousands
1526,beware
1527,lose
1528,behind
1529,blame
1530,period
1531,v
1532,k
1533,elected
1534,mark
1535,audience
1536,lawyers
1537,ahmedgarh
1538,towards
1539,joins
1540,depends
1541,devices
1542,golden
1543,goals
1544,alternative
1545,informer
1546,tests
1547,played
1548,ball
1549,remains
1550,customer
1551,ongoing
1552,ali
1553,league
1554,particularly
1555,loans
1556,pal
1557,shetty
1558,sessions
1559,australia
1560,saraswati
1561,vandana
1562,instagram
1563,touch
1564,karnataka
1565,performed
1566,certain
1567,pay
1568,medical
1569,b.s
1570,succeeded
1571,interrogating
1572,congratulations
1573,focus
1574,citizenship
1575,amendment
1576,jagdish
1577,rescue
1578,23
1579,enter
1580,peddlers
1581,pain
1582,technique
1583,sexual
1584,wait
1585,false
1586,character
1587,listen
1588,four
1589,severe
1590,certificate
1591,gangster
1592,near
1593,rejected
1594,order
1595,democracy
1596,32
1597,facebook
1598,building
1599,wounded
1600,sanitation
1601,widespread
1602,purb
1603,taught
1604,internet
1605,suspended
1606,pakistans
1607,peoples
1608,junior
1609,highway
1610,usa
1611,picture
1612,studied
1613,civilians
1614,flash
1615,challenges
1616,stated
1617,request
1618,grow
1619,investigating
1620,starting
1621,year
1622,fever
1623,collision
1624,communication
1625,aamir
1626,rukh
1627,estimated
1628,ceremony
1629,david
1630,deeply
1631,54
1632,proceedings
1633,foreign
1634,lower
1635,chance
1636,thieves
1637,rinse
1638,policemen
1639,lack
1640,quake
1641,toll
1642,itself
1643,cong
1644,imran
1645,organisations
1646,ministers
1647,villagers
1648,crashes
1649,recovery
1650,yours
1651,design
1652,responsibilities
1653,chand
1654,morning
1655,popular
1656,trees
1657,objective
1658,limit
1659,watson
1660,market
1661,carefully
1662,fashion
1663,project
1664,teaching
1665,celebrations
1666,write
1667,impossible
1668,indians
1669,installation
1670,progress
1671,successful
1672,arrangements
1673,till
1674,thyroid
1675,workplace
1676,transport
1677,review
1678,incidents
1679,low
1680,released
1681,releases
1682,captured
1683,germany
1684,surprised
1685,short
1686,exactly
1687,lives
1688,spread
1689,certainly
1690,worship
1691,pull
1692,haryana
1693,ias
1694,seeking
1695,king
1696,critical
1697,layers
1698,stars
1699,amazing
1700,gang
1701,rape
1702,share
1703,panic
1704,involves
1705,17
1706,argument
1707,prepared
1708,superstar
1709,nagar
1710,mom
1711,chancellor
1712,reply
1713,medicines
1714,marks
1715,2013
1716,|
1717,safe
1718,unique
1719,stayin
1720,flush
1721,liked
1722,airline
1723,delh
1724,shambles
1725,nominates
1726,americans
1727,comedy
1728,owner
1729,visited
1730,throw
1731,acid
1732,father-son
1733,duo
1734,snoring
1735,etc
1736,enthusiasm
1737,soak
1738,gelatin
1739,generation
1740,bra
1741,dumb
1742,safest
1743,efficient
1744,torched
1745,motive
1746,assailants
1747,visible
1748,easily
1749,kashmirs
1750,fortnight
1751,poshan
1752,maah
1753,overload
1754,governance
1755,organisation
1756,shocked
1757,2002
1758,express
1759,protested
1760,choreograph
1761,250
1762,gambling
1763,bothered
1764,toasted
1765,shrimp
1766,buff
1767,terrible
1768,mess
1769,dispute
1770,castor
1771,exposure
1772,rajinder
1773,palembang
1774,indonesia
1775,keeps
1776,turbulence
1777,machinery
1778,onam
1779,regards
1780,stampede
1781,viewpoints
1782,lording
1783,highly
1784,calls
1785,either
1786,aggressive
1787,previous
1788,tool
1789,weekly
1790,processor
1791,ishq
1792,remix
1793,staged
1794,destroyed
1795,alcohol
1796,wallpaper
1797,re-conduct
1798,poll
1799,ballot
1800,papers
1801,keys
1802,certificates
1803,passwords
1804,rush
1805,flat
1806,shashank
1807,khaitan
1808,preparations
1809,swing
1810,18
1811,waseem
1812,peck
1813,kalka
1814,-shimla
1815,disrupted
1816,grand
1817,garlic
1818,shalini
1819,t.l
1820,po
1821,pidaukhar
1822,procedures
1823,lending
1824,institutions
1825,plis
1826,communitys
1827,colleagues
1828,20-megapixel
1829,selfie
1830,instituted
1831,bleak
1832,radius
1833,debt-ridden
1834,self
1835,molest
1836,23-24
1837,badukhar
1838,dharamsala
1839,resource
1840,durgesh
1841,bai
1842,eject
1843,finished
1844,bound
1845,absconds
1846,drunken
1847,abuses
1848,retaliated
1849,firing
1850,icc
1851,washed
1852,means
1853,learn
1854,sides
1855,modified
1856,congratulate
1857,suresh
1858,_output
1859,secretaries
1860,shawwl
1861,eid
1862,al-fitr
1863,shampoo
1864,psychology
1865,10-15
1866,overturns
1867,trailer
1868,dvrs
1869,approach
1870,wants
1871,iphone
1872,antiseptic
1873,germicidal
1874,atmosphere
1875,suggest
1876,commodities
1877,cheating
1878,strain
1879,mixture
1880,bowl
1881,square
1882,millimeters
1883,lalit
1884,ed
1885,gained
1886,youtube
1887,unassuming
1888,analysis
1889,saves
1890,fuel
1891,triple
1892,horse
1893,spokesperson
1894,diagnosis
1895,mb
1896,shaheed
1897,udham
1898,singhs
1899,lifting
1900,k.s
1901,secret
1902,high-level
1903,inquiry
1904,fortunate
1905,recycle
1906,clothes
1907,cremation
1908,decide
1909,medium-size
1910,sliced
1911,lowest
1912,loango
1913,muktsar
1914,ransom
1915,sacrifice
1916,christ
1917,miscreants
1918,colours
1919,chameleon
1920,bag
1921,containing
1922,metal
1923,tongue
1924,cleaners
1925,nabha
1926,straightforward
1927,therein
1928,flaw
1929,spinning
1930,mill
1931,gemini
1932,aquarius
1933,unemployed
1934,disarm
1935,village-
1936,laluchhapra
1937,jostling
1938,code:129
1939,bold
1940,rupture
1941,unapply
1942,levels
1943,c.c
1944,cbs
1945,pakistani
1946,lodges
1947,scurried
1948,uninspiring
1949,dying
1950,pile
1951,corpses
1952,branch
1953,poisoning
1954,vacant
1955,document
1956,interior
1957,register
1958,thou
1959,iad
1960,banned
1961,eventualities
1962,s.
1963,escalations
1964,1955
1965,acquainted
1966,john
1967,cooke
1968,sounds
1969,youngsters
1970,700
1971,planning
1972,gbfproject
1973,amendments
1974,acquisition
1975,harmful
1976,pantsuit
1977,shammi
1978,prominent
1979,cinema
1980,log
1981,solutions
1982,wh
1983,revalued
1984,reserve
1985,venezuelan
1986,chopper
1987,conductor
1988,aroma
1989,anxiety
1990,composed
1991,malayalam
1992,1-13
1993,2-36
1994,3-73
1995,4-168
1996,5-168
1997,6-171
1998,all-important
1999,innocent
2000,shivratri
2001,heaven
2002,employee
2003,bungling
2004,mute
2005,spectator
2006,decent
2007,approached
2008,stone-laden
2009,tractor
2010,dream
2011,abort
2012,tasks
2013,starc
2014,dinner
2015,elaboration
2016,locality
2017,chamera
2018,chamba
2019,mound
2020,suddenly
2021,gurugram
2022,most-polluted
2023,enterprises
2024,fined
2025,circuit
2026,el
2027,salvador
2028,evidence
2029,orders
2030,applicable
2031,itll
2032,hoot
2033,condemns
2034,71st
2035,legislation
2036,high-quality
2037,finding
2038,distress
2039,sections
2040,nigerian
2041,anganwadi
2042,delighted
2043,players
2044,tax
2045,politicians
2046,labour
2047,a-m|english
2048,ireland
2049,providing
2050,monitored
2051,lid
2052,budget
2053,shopping
2054,debugging
2055,output
2056,hot
2057,rental
2058,citation
2059,gross
2060,violation
2061,all-
2062,prevent
2063,calluses
2064,custom
2065,slide
2066,shows
2067,self-check
2068,passed
2069,munch
2070,appealed
2071,calm
2072,meghna
2073,gulzar
2074,festivities
2075,outcome
2076,resistant
2077,meters
2078,47
2079,eid-ul-fitr
2080,browser
2081,motorbike
2082,liking
2083,arguments
2084,tough
2085,cubes
2086,humanity
2087,popped
2088,interpretation
2089,opposite
2090,connect
2091,shook
2092,develop
2093,resilience
2094,origin
2095,invester
2096,preferences
2097,specific
2098,terrorism
2099,2006
2100,wayward
2101,mtr
2102,lacklustre
2103,bhupinder
2104,proposed
2105,detect
2106,dyal
2107,row
2108,divides
2109,campus
2110,peel
2111,potatoes
2112,interestingly
2113,numbers
2114,dharna
2115,94
2116,parsing
2117,command
2118,dsp
2119,sharanjit
2120,copy
2121,inbox
2122,shivani
2123,seals
2124,likewise
2125,bedtime
2126,routine
2127,bottling
2128,clarifies
2129,twitter
2130,fines
2131,imposed
2132,fairness
2133,legitimacy
2134,decided
2135,pensioners
2136,elder
2137,biggest
2138,concern
2139,economy
2140,padmaavat
2141,acts
2142,antioxidant
2143,tree
2144,56
2145,matches
2146,gravitational
2147,lensing
2148,judge
2149,query
2150,hrs
2151,continuous
2152,round
2153,door
2154,a-m|arabic
2155,egypt
2156,narendra
2157,toulouse
2158,remained
2159,48mp
2160,sensor
2161,no.6
2162,57
2163,snowfall
2164,mistakes
2165,tartar
2166,moral
2167,standards
2168,poisonous
2169,fatal
2170,archive
2171,subdirectory
2172,indigo
2173,interglobe
2174,aviation
2175,entry
2176,lactating
2177,less
2178,denies
2179,holding
2180,nearby
2181,employment
2182,richest
2183,appear
2184,newly
2185,repaired
2186,bible
2187,shuddered
2188,knowledge
2189,occurred
2190,10.30
2191,sub-
2192,canal
2193,pity
2194,holiday
2195,ending
2196,forth
2197,christian
2198,actions
2199,tribune
2200,entered
2201,homes
2202,age:16
2203,hiding
2204,forefront
2205,sector
2206,florida
2207,rightful
2208,sovereign
2209,packages
2210,downloaded
2211,monks
2212,users
2213,half-operator
2214,privileges
2215,hacked
2216,reduces
2217,risk
2218,dharmaveer
2219,concerned
2220,unhurt
2221,continued
2222,uncertain
2223,bookmark
2224,indoor
2225,pollution
2226,skyrocketing
2227,kneading
2228,dough
2229,lightly
2230,busmen
2231,watching
2232,taller
2233,elephant
2234,christmas
2235,writable
2236,group/other
2237,ideal
2238,diabetic
2239,nrc
2240,pam_tty=
2241,dates
2242,rebooting
2243,resolved
2244,exciting
2245,approves
2246,ratification
2247,agreement
2248,ajay
2249,ptu
2250,404
2251,mbbs
2252,docs
2253,recruited
2254,implemented
2255,sir
2256,smilingly
2257,cool
2258,secured
2259,azhar
2260,142
2261,aspects
2262,airport
2263,shut
2264,pointless
2265,tardy
2266,procurement
2267,worries
2268,inherent
2269,capital
2270,county
2271,asadabad
2272,dries
2273,angry
2274,partly
2275,resignation
2276,ignore
2277,sewerage
2278,move
2279,wisdom
2280,maintaining
2281,emotional
2282,balance
2283,replaced
2284,amenities
2285,rather
2286,julia
2287,donaldson
2288,grouping
2289,sorting
2290,similar
2291,instance
2292,iaf
2293,fanfare
2294,youre
2295,sentenced
2296,stabs
2297,badges
2298,motivates
2299,preach
2300,childhood
2301,memorable
2302,pulses
2303,nirmal
2304,surinder
2305,s.p
2306,adds
2307,flavour
2308,neighbours
2309,gathered
2310,screamed
2311,alert
2312,grueling
2313,forgetting
2314,4-inch
2315,fail
2316,perceive
2317,plywood
2318,industries
2319,writer
2320,amberdeep
2321,ranji
2322,trophy
2323,agriculture
2324,scientist
2325,shiromani
2326,gurdwara
2327,parbandhak
2328,pandemic
2329,blog
2330,external
2331,gimmick
2332,ex-councillor
2333,quick
2334,scope
2335,declaration
2336,courtesy
2337,ndtv
2338,vertical
2339,adjustment
2340,widget
2341,seizes
2342,stomach
2343,churning
2344,geography
2345,rajasthan
2346,cp
2347,generally
2348,yellow
2349,dvc
2350,reviews
2351,pisces
2352,ayurvedic
2353,institution
2354,younger
2355,ruparel
2356,diaries
2357,anantanand
2358,roundels
2359,half
2360,theatre
2361,casualties
2362,farce
2363,whatever
2364,pardhans
2365,soldier
2366,freaks
2367,voter
2368,colleges
2369,pure
2370,fluently
2371,quota
2372,rota
2373,moto
2374,infrastructure
2375,anywhere
2376,contribute
2377,electives
2378,cap
2379,chat
2380,cs
2381,misrepresentation
2382,angelic
2383,numbering
2384,breaking
2385,*
2386,drones
2387,categories
2388,diffused
2389,persuation
2390,sole
2391,badal
2392,lentils
2393,spices
2394,_write
2395,cordial
2396,friendly
2397,strengthen
2398,fathers
2399,pt
2400,speak
2401,obama
2402,ready
2403,face-off
2404,somanth
2405,brahmchari
2406,accessible
2407,mdi
2408,ikhtisad
2409,ahmed
2410,"80,000"
2411,personnel
2412,bahadurgarh
2413,sikhs
2414,ghee-
2415,table
2416,admits
2417,tehri
2418,byelection
2419,patiala
2420,probed
2421,supported
2422,recreation
2423,beneficial
2424,s.d
2425,clouds
2426,pray
2427,software
2428,upgrade
2429,observed
2430,quakes
2431,rattle
2432,89
2433,junk
2434,greasy
2435,foods
2436,tofu
2437,soya
2438,bean
2439,curds
2440,breath
2441,reeked
2442,addicted
2443,electronic
2444,subject
2445,devotion
2446,axis
2447,icici
2448,exhibition
2449,ges
2450,nissan
2451,sunny
2452,launched
2453,8.48
2454,harm
2455,goniana
2456,spokesman
2457,sarhandi
2458,gurmit
2459,nepal
2460,proposal
2461,sonu
2462,dull
2463,persisted
2464,embroiderer
2465,nominations
2466,commerce
2467,joshna
2468,quarterfinals
2469,mad
2470,executive
2471,gender
2472,inequality
2473,migrant
2474,criticise
2475,comfortable
2476,reacts
2477,rosie
2478,self-bully
2479,attend
2480,expert
2481,cycle
2482,growth
2483,cyclic
2484,kantaaras
2485,tiatr
2486,stories
2487,rename
2488,vijay
2489,rupani
2490,panchayat
2491,functionaries
2492,strength-in-numbers
2493,pride
2494,prejudice
2495,advocate
2496,guilty
2497,contempt
2498,49
2499,remaining
2500,income
2501,murray
2502,djokovic
2503,qatar
2504,jersey
2505,united
2506,states
2507,fine
2508,animal
2509,posed
2510,500
2511,dances
2512,instalments
2513,concept
2514,hushed
2515,tone
2516,extended
2517,accommodate
2518,heavy
2519,batters
2520,uttarakhand
2521,accuse
2522,cheema
2523,honours
2524,capabilities
2525,slowdown
2526,baghdad/mosul
2527,flags
2528,greet
2529,kirron
2530,arrival
2531,yale
2532,haven
2533,ct
2534,drawbacks
2535,ped
2536,m
2537,worked
2538,one-day
2539,kumari
2540,poster-making
2541,prosperity
2542,discussions
2543,favorable
2544,stir
2545,bored
2546,dutch
2547,dike
2548,policeman
2549,kharar
2550,mla
2551,sidhu
2552,amended
2553,regulations
2554,05.08.2020
2555,pant
2556,throttle
2557,challenge
2558,temperatures
2559,degree
2560,relations
2561,overhydration
2562,drastic
2563,decisions
2564,aggregation
2565,veena
2566,alarming
2567,understatement
2568,navjot
2569,bachhal
2570,ward
2571,convey
2572,efficiency
2573,considerably
2574,conducting
2575,messages
2576,http
2577,cookie
2578,daemon
2579,burman
2580,vice-chairman
2581,dabur
2582,fonts
2583,magnificently
2584,iranian
2585,agency
2586,irna
2587,nagpur
2588,bombay
2589,calendar
2590,jump
2591,rangita
2592,nandy
2593,enforcement
2594,wheres
2595,papa
2596,sentence
2597,wholesome
2598,barricaded
2599,karamjeet
2600,all-india
2601,hijra
2602,friend
2603,mounted
2604,obligations
2605,societys
2606,ambivalence
2607,pornography
2608,spoke
2609,post-traumatic
2610,stress
2611,disorder
2612,ptsd
2613,plotter
2614,harbinger
2615,khalsa
2616,excel
2617,bca
2618,badly
2619,damaged
2620,dal
2621,incorporated
2622,1964
2623,ex-armyman
2624,ioa
2625,rajeev
2626,mehta
2627,heap
2628,garbage
2629,lying
2630,philately
2631,stealing
2632,motorcycle
2633,shelves
2634,updated
2635,annually
2636,artist
2637,twain
2638,cocoa
2639,folder
2640,gaza
2641,shortcut
2642,snippet
2643,gas
2644,ask
2645,joke
2646,attacks
2647,sensation
2648,sale
2649,dpe
2650,kuldeep
2651,g.s
2652,improve
2653,setup
2654,notes
2655,rainfall
2656,respite
2657,solely
2658,smack
2659,arabic
2660,persian
2661,urdu
2662,execution
2663,theory
2664,lubricating
2665,indian-origin
2666,banker
2667,uk
2668,anti-terror
2669,raid
2670,counsel
2671,wicked
2672,achal
2673,joti
2674,mohrrir
2675,danger
2676,weeping
2677,smiling
2678,almeida
2679,versus
2680,revision
2681,interactive
2682,provide
2683,outcomes
2684,feedback
2685,bit
2686,disorienting
2687,cousin
2688,brazil
2689,portuguese
2690,keymap
2691,costly
2692,souls
2693,vishnuvardhan
2694,reddy
2695,member
2696,jem
2697,rains
2698,lash
2699,mail
2700,altogether
2701,45
2702,sudarshan
2703,bajpai
2704,original
2705,census
2706,distorted
2707,traditional
2708,classroom
2709,setting
2710,'love
2711,_remote
2712,forgery
2713,sisters
2714,qt
2715,libraries
2716,circular
2717,interacted
2718,flood-affected
2719,lifted
2720,imparted
2721,established
2722,moved
2723,sealed
2724,nurses
2725,frets
2726,brics
2727,railway
2728,research
2729,theyre
2730,respect
2731,showcase
2732,talent
2733,lakhs
2734,mentioned
2735,opposing
2736,fetch
2737,mantra
2738,transmission
2739,nine-speed
2740,automatic
2741,acquitted
2742,avail
2743,reuse
2744,omnipresence
2745,especially
2746,integrate
2747,floor
2748,programmes
2749,squeeze
2750,notes.reminder
2751,non-scheduled
2752,commercial
2753,flights
2754,arranged
2755,martyr
2756,welfare
2757,association
2758,ldap
2759,legislators
2760,walkout
2761,built
2762,ancient
2763,ruins
2764,dried
2765,articles
2766,feed
2767,care
2768,absconding
2769,retired
2770,jawan
2771,wo
2772,map
2773,drawn
2774,hearers
2775,trader
2776,aliens
2777,korganizer
2778,finance
2779,learnt
2780,accept
2781,roadshow
2782,strokes
2783,item
2784,variations
2785,irregularities
2786,_minutes
2787,becoming
2788,idle
2789,pharmaceuticals
2790,healthcare
2791,talked
2792,connected
2793,1999
2794,neither
2795,temple
2796,mosque
2797,hc
2798,warrant
2799,raids
2800,71
2801,twin
2802,tragic
2803,kohli
2804,slipped
2805,shortage
2806,effort
2807,persists
2808,trafficker
2809,valmikis
2810,tribute
2811,martyrs
2812,pulwama
2813,priyanka
2814,meets
2815,syrian
2816,jordan
2817,votes
2818,restart
2819,deterrent
2820,documentary
2821,american
2822,'ll
2823,escalate
2824,communicable
2825,complexion
2826,cities
2827,administrative
2828,longyearbyen
2829,10-month-old
2830,kidnapped
2831,desperate
2832,upset
2833,subsequently
2834,sustain
2835,'notorious
2836,diya-making
2837,withdrawal
2838,invest
2839,threat
2840,assist
2841,swindling
2842,notch
2843,mukherjee
2844,requires
2845,halsbury
2846,material
2847,turbaned
2848,driving
2849,placed
2850,mlas
2851,robins
2852,katsina
2853,undergo
2854,surgery
2855,festivals
2856,access
2857,bruised
2858,rake
2859,bosom
2860,purchase/construction
2861,residential
2862,syria
2863,echoes
2864,san
2865,ignacio
2866,de
2867,velasco
2868,via-
2869,raghopur
2870,bombings
2871,kill
2872,37
2873,zee
2874,theft
2875,swiftly
2876,mothers
2877,belly
2878,fat
2879,ride
2880,bicycle
2881,kudos
2882,radio
2883,deteriorating
2884,bigger
2885,mockery
2886,agreed
2887,helps
2888,piercing
2889,fog
2890,narang
2891,bronze
2892,proof
2893,ram
2894,rahims
2895,parole
2896,withdrawn
2897,navdeep
2898,ultimately
2899,zechariah
2900,shallum
2901,menahem
2902,distressed
2903,viewer
2904,screening
2905,judgement
2906,cloud
2907,capt
2908,amarinder
2909,endosulfan
2910,collect
2911,chari
2912,ashamed
2913,i.k
2914,center
2915,beds
2916,brigade
2917,pollutants
2918,luck
2919,beside
2920,point
2921,impediment
2922,125
2923,banana
2924,pmc
2925,splendid
2926,solved
2927,languages
2928,recruitment
2929,understandable
2930,america
2931,investigates
2932,figures
2933,bother
2934,defamation
2935,digvijay
2936,school-level
2937,drawing
2938,26-year-old
2939,alleges
2940,torture
2941,exhilarating
2942,toy
2943,vacated
2944,hoax
2945,picked
2946,fertility
2947,questioned
2948,tech
2949,disarray
2950,unanswered
2951,defer
2952,two-day
2953,governor
2954,meanwhile
2955,c.s
2956,st
2957,johns
2958,rounded
2959,rang
2960,winners
2961,litres
2962,drains
2963,hey
2964,loving
2965,cms
2966,fund
2967,'impeached
2968,unemployment
2969,margins
2970,rock
2971,indefinite
2972,assyrians
2973,race
2974,splendidly
2975,bearded
2976,revival
2977,divulged
2978,militants
2979,kreeri
2980,gunfight
2981,wherever
2982,destruction
2983,discharged
2984,groups
2985,someone
2986,2011
2987,broadband
2988,d
2989,passover
2990,33
2991,c.e
2992,outstanding
2993,southwestwards
2994,cabinet
2995,decisions-chronological
2996,27.05.2014
2997,chocolate
2998,loved
2999,magic
3000,extending
3001,forgiveness
3002,thoughts
3003,enjoys
3004,sharing
3005,abstain
3006,upto
3007,rs.450/-
3008,junior/sub-junior
3009,sportspersons
3010,practicality
3011,consume
3012,ginger
3013,theocratic
3014,gotten
3015,sooner
3016,negate
3017,dalit
3018,urmila
3019,matondkar
3020,ft.
3021,concerns
3022,plugged
3023,apologised
3024,winning
3025,mumbais
3026,yummy
3027,substitutes
3028,whipped
3029,topping
3030,january-february
3031,resentment
3032,'them
3033,boosting
3034,brimming
3035,tears
3036,tariff
3037,2.74
3038,pc
3039,excessively
3040,pink
3041,non-committal
3042,rank
3043,karishma
3044,tanna
3045,entity
3046,1296
3047,deaths
3048,yesterday
3049,aboard
3050,vigil
3051,districts
3052,eminent
3053,personalities
3054,freedom
3055,2016
3056,fails
3057,akiv
3058,farah
3059,choreographed
3060,division
3061,football
3062,aerosols
3063,anthropogenic
3064,insurance
3065,activists
3066,unsupported
3067,platform
3068,higher
3069,omen
3070,weve
3071,impotent
3072,imagine
3073,representation
3074,hon'ble
3075,aperture
3076,focal
3077,length
3078,chaired
3079,postal
3080,extra
3081,storage
3082,space
3083,owing
3084,1/4
3085,grated
3086,cheddar
3087,kashmiri
3088,targeted
3089,assign
3090,tags
3091,selected
3092,olive
3093,chandrayaan-2
3094,23000
3095,hriday
3096,jodhpur
3097,asaram
3098,bapu
3099,bail
3100,rana
3101,ayyub
3102,port
3103,maximum
3104,39
3105,finally
3106,schoolgirls
3107,1st
3108,innings
3109,333
3110,complains
3111,sec
3112,shared
3113,content
3114,emotions
3115,handler
3116,aim
3117,urls
3118,fewer
3119,hosts
3120,euro
3121,battle
3122,fired
3123,narrative
3124,rss
3125,faceoff
3126,lynched
3127,culprit
3128,standalone
3129,signature
3130,rituals
3131,fulfill
3132,promise
3133,rubbed
3134,mislead
3135,spreading
3136,rumours
3137,honouring
3138,meritorious
3139,wholl
3140,already
3141,yielded
3142,examination
3143,conducted
3144,nss
3145,riders
3146,distraught
3147,subash
3148,sh
3149,partner
3150,companionship
3151,cite
3152,example
3153,tricky
3154,schoolgirl
3155,gears
3156,plying
3157,_open
3158,backup
3159,autosave
3160,interval
3161,languishes
3162,"26,614,000"
3163,proteins
3164,protesting
3165,floods
3166,bsc
3167,inducted
3168,lost
3169,experiencing
3170,motorcycles
3171,hence
3172,ties
3173,track
3174,unregistering
3175,dares
3176,virbhadra
3177,broadcasting
3178,charkhi
3179,dadri
3180,anthem
3181,chances
3182,foundations
3183,verge
3184,cracking
3185,jnu
3186,cannabis
3187,protesters
3188,outshine
3189,icse
3190,paper
3191,millionaires
3192,eating
3193,tilkut
3194,honor
3195,bullet
3196,clearly
3197,gallon
3198,gallons
3199,gal
3200,bro
3201,inexpensive
3202,fir
3203,yuvraj
3204,brown
3205,dysfunction
3206,sight
3207,safeguard
3208,nest
3209,eggs
3210,businessman
3211,arjun
3212,kapoor
3213,parineeti
3214,habits
3215,elephants
3216,largest
3217,terrestrial
3218,animals
3219,raj
3220,accuses
3221,misbehaviour
3222,totally
3223,cddb
3224,sip
3225,relevance
3226,kind
3227,technological
3228,surfaced
3229,grace
3230,contains
3231,grumble
3232,myself
3233,manvendra
3234,saint
3235,augustine
3236,materials
3237,14-day
3238,jaggu
3239,participate
3240,contests
3241,located
3242,maharashtra-chhattisgarh
3243,particular
3244,hussain
3245,_reverse
3246,perform
3247,roles
3248,maintain
3249,refreshments
3250,served
3251,narrated
3252,babla
3253,demands
3254,well-informed
3255,electorate
3256,sketch
3257,score
3258,187/1
3259,overs
3260,majorly
3261,mountainous
3262,region
3263,decline
3264,returned
3265,switched
3266,referred
3267,10-year-old
3268,shell
3269,situations
3270,least
3271,municipal
3272,corporation
3273,cast
3274,parkash
3275,gaiety
3276,youll
3277,glad
3278,swami
3279,vivekananda
3280,comment
3281,nda
3282,split
3283,prez
3284,nominee
3285,monopoly
3286,pig
3287,gobble
3288,turmoil
3289,convention
3290,turn
3291,jaipur
3292,ashton
3293,turner
3294,mourns
3295,demise
3296,satguru
3297,jagjit
3298,incredible
3299,ipp
3300,redmi
3301,pro
3302,scared
3303,mindset
3304,tempted
3305,extravagant
3306,bedroom
3307,telecom
3308,viewpoint
3309,emergency
3310,landing
3311,tusk
3312,applauded
3313,intoxicants
3314,foundation
3315,resurrection
3316,bachelor
3317,arts
3318,b.a
3319,restored
3320,srinagar-jammu
3321,awarded
3322,achievements
3323,beaches
3324,lunar
3325,eclipse
3326,consequences
3327,sort
3328,export
3329,zooomr
3330,security/stability
3331,alabama
3332,mapping
3333,opening
3334,trials
3335,64
3336,tradition
3337,aspect
3338,importance
3339,brokaw
3340,advanced
3341,manufacturing
3342,endeavor
3343,accreditation
3344,orleans
3345,flood
3346,operational
3347,india-pakistan
3348,faithful
3349,kerala
3350,coping
3351,years
3352,cooperation
3353,user
3354,id
3355,chest
3356,check-up
3357,surface
3358,3-day
3359,dist-level
3360,kicks
3361,paragraph
3362,lucio
3363,confessed
3364,poppy
3365,husk
3366,shouldnt
3367,carried
3368,spared
3369,weakness
3370,aches
3371,muscles
3372,excellence
3373,subjeet
3374,vishavkarma
3375,closed
3376,purpose
3377,previously
3378,habit
3379,shahabuddin
3380,walks
3381,yrs
3382,career
3383,unintentionally
3384,leds
3385,emitted
3386,ubuntu
3387,unity
3388,1991
3389,inmates
3390,6-7
3391,reps
3392,wireless
3393,dengue
3394,ravi
3395,shastri
3396,retained
3397,coach
3398,guide
3399,ashok
3400,bhushan
3401,300
3402,camps
3403,opened
3404,birds
3405,route
3406,community
3407,appeals
3408,faced
3409,highs
3410,lows
3411,blacklists
3412,smiles
3413,forms
3414,goodies
3415,define
3416,slight
3417,wockhardt
3418,jatinder
3419,aulakh
3420,dreadful
3421,feeling
3422,practices
3423,farming
3424,growing
3425,exceptions
3426,anyones
3427,exchange
3428,conversely
3429,stature
3430,rising
3431,holland
3432,2-3
3433,vanity
3434,....
3435,effectively
3436,meditated
3437,greatest
3438,susceptible
3439,shimla
3440,receives
3441,snow
3442,variants
3443,consistency
3444,appreciated
3445,kajal
3446,@
3447,aptly
3448,careful
3449,kinds
3450,sbi
3451,warning
3452,adjourned
3453,debate
3454,raising
3455,sons
3456,nerds
3457,russias
3458,sung
3459,vishal
3460,mishra
3461,roshan
3462,slams
3463,bcci
3464,intriguing
3465,funny
3466,fully
3467,sc/st/ex-servicemen/women
3468,fee
3469,slabs
3470,stages
3471,migrants
3472,investment
3473,asian
3474,sujeeth
3475,raja
3476,catches
3477,75
3478,waking
3479,able
3480,safely
3481,soul
3482,overlook
3483,traced
3484,excerpts
3485,baoo
3486,dalhousie
3487,'good
3488,via
3489,tweet
3490,ani
3491,merci
3492,beaucoup
3493,female
3494,leading
3495,passers-by
3496,cbcid
3497,launches
3498,120
3499,osaka
3500,gout
3501,forgive
3502,granted
3503,betrayed
3504,u
3505,quit
3506,digest
3507,checker
3508,stumbling
3509,block
3510,climbs
3511,116
3512,donated
3513,beyond
3514,sonia
3515,solidarity
3516,benefitted
3517,greatly
3518,unworthy
3519,dialogue
3520,stupefied
3521,reckless
3522,counterattack
3523,representatives
3524,addressed
3525,gathering
3526,treating
3527,allergies
3528,closely
3529,without
3530,singer-actor
3531,miley
3532,cyrus
3533,highlights
3534,vise
3535,settled
3536,departure
3537,remand
3538,appearance
3539,sleek
3540,elegant
3541,reap
3542,painful
3543,mp
3544,resented
3545,collapses
3546,lend
3547,participants
3548,lineman
3549,bribe
3550,grievances
3551,above
3552,vision
3553,presence
3554,avert
3555,disaster
3556,depend
3557,instances
3558,grid
3559,reach
3560,defers
3561,mallyas
3562,holy
3563,shrines
3564,count
3565,delightful
3566,appeal
3567,production
3568,beijing
3569,blinking
3570,rubbing
3571,blast
3572,bangalore
3573,grab
3574,combination
3575,mansoor
3576,pataudi
3577,taliban
3578,remanded
3579,attention
3580,assistance
3581,badminton
3582,shoulder
3583,38
3584,bikram
3585,majithia
3586,hillary
3587,clinton
3588,avinash
3589,early
3590,amy
3591,george
3592,5-marla
3593,plots
3594,landless
3595,cowards
3596,yavatmal
3597,amongst
3598,cops
3599,extortion
3600,walk
3601,plant
3602,asi
3603,tipper
3604,expensive
3605,nobu
3606,listens
3607,sacred
3608,print
3609,number-
3610,ulan
3611,ude
3612,twice
3613,vast
3614,episodes
3615,unopposed
3616,touching
3617,moments
3618,petitioner
3619,definitely
3620,pitch
3621,whys
3622,pays
3623,tributes
3624,shane
3625,vice-president
3626,buyers
3627,youngest
3628,petition
3629,filed
3630,declared
3631,gutted
3632,stabbed
3633,2012
3634,khairair
3635,preserved
3636,mortuary
3637,week
3638,commands
3639,examined
3640,hotel
3641,bhagat
3642,namdev
3643,trends
3644,2018
3645,uttar
3646,secure
3647,media/entertainment
3648,soviet
3649,ammunition
3650,phases
3651,june-july
3652,550th
3653,prakash
3654,himachal
3655,earning
3656,unsecured
3657,fond
3658,cleaning
3659,yellows
3660,superior
3661,inclement
3662,dashes
3663,hopes
3664,wheat
3665,yield
3666,founders
3667,tulas
3668,traumatised
3669,profitable
3670,deals
3671,indicators
3672,bustle
3673,stone
3674,ltd.
3675,girish
3676,sea
3677,relieved
3678,correct
3679,testing
3680,achieve
3681,dish
3682,pruning
3683,donate
3684,slog
3685,scale
3686,bar
3687,nice
3688,spend
3689,decimated
3690,dmrc
3691,situated
3692,chennai-bengaluru
3693,industrial
3694,corridor
3695,cbic
3696,chains
3697,cages
3698,km
3699,_begin
3700,pleasant
3701,encouraging
3702,teams
3703,brilliantly
3704,2009
3705,shes
3706,constant
3707,supervision
3708,standing
3709,scooterist
3710,unusual
3711,neelakantan
3712,plans
3713,wheels
3714,hear
3715,unfortunately
3716,uncommon
3717,f.a
3718,25
3719,rocks
3720,southern
3721,philippines
3722,encryption
3723,aircraft
3724,143
3725,pandey
3726,integrated
3727,guarantees/irrevocable
3728,letters
3729,alerted
3730,mean
3731,irc
3732,jobless
3733,flay
3734,brainchild
3735,guru
3736,nanak
3737,condemn
3738,jinny
3739,oven
3740,roasted
3741,potato
3742,recepie
3743,andreessens
3744,comments
3745,upsetting
3746,zuckerberg
3747,trbune
3748,now
3749,1001
3750,_
3751,email
3752,translators
3753,emails
3754,absconded
3755,initial
3756,subramanian
3757,swamy
3758,caught
3759,handed
3760,prophecy
3761,contrary
3762,egalitarian
3763,values
3764,taxis
3765,hormones
3766,tendering
3767,quickly
3768,weeded
3769,household
3770,kolis
3771,karakat
3772,nationalism
3773,fake
3774,issued
3775,hartek
3776,commissions
3777,40-mw
3778,substation
3779,harms
3780,wont
3781,disk
3782,confidential
3783,offer
3784,resign
3785,removed
3786,babu
3787,jagjivan
3788,ram-jis
3789,saying
3790,saudi
3791,arabia
3792,sensex
3793,suffers
3794,losses
3795,rupee
3796,invader
3797,highways
3798,sprayed
3799,offices
3800,telangana
3801,statehood
3802,1995
3803,verbally
3804,cutting-corners
3805,asks
3806,convict
3807,duty
3808,unorganised
3809,sectors
3810,notify
3811,alex
3812,quinonez
3813,ecuador
3814,usage
3815,sweets
3816,groundnuts
3817,smiled
3818,legendary
3819,selfish
3820,embarrassing
3821,ls
3822,figure
3823,feelings
3824,investigate
3825,banks
3826,observe
3827,tackle
3828,kejriwal
3829,password
3830,northwest
3831,rawalpindi
3832,effigies
3833,joyden
3834,fernandes
3835,dr.
3836,quietest
3837,farm
3838,laws
3839,belied
3840,physically
3841,drained
3842,arrives
3843,zimbabwe
3844,series
3845,quiz
3846,urton
3847,j
3848,collaborators
3849,ashish
3850,sahijpreet
3851,pu
3852,hide
3853,trace
3854,celebrating
3855,insufficient
3856,realistic
3857,font
3858,printing
3859,definition
3860,seeing
3861,tweeted
3862,ranked
3863,interested
3864,apology
3865,hundreds
3866,overall
3867,somewhere
3868,consumer
3869,confidence
3870,ration
3871,card
3872,removes
3873,malaysia
3874,intercepts
3875,boat
3876,rohingya
3877,thrash
3878,exhaustive
3879,fortunately
3880,survived
3881,medium
3882,tomatoes
3883,finely
3884,chopped
3885,cm
3886,renews
3887,dg
3888,p
3889,transfers
3890,hcs
3891,sanjeev
3892,sharma/hindustan
3893,releasing
3894,empty
3895,field
3896,lok
3897,sabha
3898,passes
3899,trai
3900,statistics
3901,grim
3902,flushing
3903,reunited
3904,objected
3905,deemed
3906,graphical
3907,smileys
3908,supporting
3909,ostracised
3910,courted
3911,sank
3912,bed
3913,broods
3914,applying
3915,ashutosh
3916,quits
3917,aam
3918,aadmi
3919,acclaim
3920,plane
3921,california
3922,licensing
3923,encroachment
3924,real
3925,proven
3926,deadly
3927,salman
3928,outfits
3929,surrounding
3930,clearer
3931,fresher
3932,manisha
3933,koirala
3934,harsh
3935,disgrace
3936,believed
3937,drunkards
3938,license
3939,tuskers
3940,laxmaiah
3941,rajendra
3942,prasad
3943,enjoying
3944,journey
3945,kde
3946,installer
3947,fatf
3948,grey
3949,mohali
3950,stf
3951,sleuths
3952,peddler
3953,ndps
3954,institute
3955,technology
3956,madras
3957,chennai
3958,8th
3959,tail
3960,portions
3961,caption
3962,supplementary
3963,area-a
3964,fore
3965,despicable
3966,mc
3967,rejoice
3968,salaries
3969,sohrai
3970,samba
3971,rescan
3972,prefix
3973,line
3974,hanging
3975,sets
3976,sights
3977,civic
3978,oh
3979,gleeful
3980,elaborate
3981,mohan
3982,bedi
3983,monitor
3984,encounter
3985,killings
3986,liberalism
3987,creed
3988,drain
3989,forest
3990,seduced
3991,differences
3992,advice
3993,minds
3994,jalandhar/chandigarh
3995,13
3996,hat-trick
3997,precious
3998,inheritance
3999,cbse
4000,datesheet
4001,motor
4002,cyclist
4003,chart
4004,2010
4005,emphatic
4006,vend
4007,ambala
4008,litre
4009,spent
4010,happily
4011,beast
4012,329
4013,exhibits
4014,marble
4015,announcement
4016,epidemic
4017,plugins
4018,demand
4019,clashes
4020,reportedly
4021,drunk
4022,ropar
4023,3rd
4024,24-28
4025,d/n
4026,ahmedabad
4027,celebration
4028,forget
4029,wouldnt
4030,handle
4031,idiot
4032,images
4033,stills
4034,constructions
4035,momnesia
4036,canceled
4037,laughing
4038,nawaz
4039,shariff
4040,vacates
4041,residence
4042,encrypt
4043,tenders
4044,preserve
4045,witness
4046,praises
4047,resolve
4048,booing
4049,hail
4050,occur
4051,fooled
4052,lemming
4053,optional
4054,wonder
4055,bonding
4056,bowler
4057,giving
4058,info
4059,relax
4060,enjoyed
4061,rich
4062,vitamins
4063,minerals
4064,2008
4065,study
4066,rangers
4067,unrecognised
4068,wep
4069,photographs
4070,drawings
4071,peas
4072,frozen-thawed
4073,caledonia
4074,k3b
4075,studies
4076,sedition
4077,anti-govt
4078,method
4079,awaited
4080,places
4081,daap
4082,p.
4083,jindal
4084,affairs
4085,strikes
4086,offers
4087,availability
4088,rath
4089,puma
4090,roamed
4091,streets
4092,santiago
4093,chile
4094,removal
4095,suspension
4096,tb
4097,curable
4098,disease
4099,bollywood
4100,humans
4101,refused
4102,anushka
4103,phillauri
4104,sure
4105,push
4106,pregnancy
4107,p.k
4108,bhaduri
4109,achieved
4110,thus
4111,hampton
4112,waiver
4113,loan
4114,busted
4115,permit
4116,criminal
4117,manhandle
4118,protestor
4119,gleaming
4120,pdma
4121,500-gm
4122,opium
4123,stooge
4124,mughal
4125,poverty
4126,hails
4127,madhya
4128,prize
4129,distribution
4130,dinesh
4131,lifes
4132,wooden
4133,furniture
4134,poles
4135,fallen
4136,vehicles
4137,openly
4138,delay
4139,tempered
4140,lowly
4141,truly
4142,speaks
4143,deve
4144,gowda
4145,dropped
4146,teenager
4147,gb
4148,105-key
4149,sas
4150,lynx
4151,srinivasa
4152,builders
4153,caveats
4154,guard
4155,deception
4156,operations
4157,calamity
4158,loud
4159,noises
4160,neglect
4161,mary
4162,kom
4163,qualifies
4164,olympics
4165,eliminates
4166,laxity
4167,fair
4168,notification
4169,'it
4170,unfortunate
4171,lifeij
4172,95
4173,yourselves
4174,besides
4175,excellent
4176,mosquito
4177,repellent
4178,sits
4179,opinion
4180,arrests
4181,yasin
4182,malik
4183,loves
4184,diverting
4185,defend
4186,35a
4187,370
4188,correction
4189,factor
4190,arent
4191,blew
4192,noida
4193,angela
4194,merkel
4195,german
4196,term
4197,zonal
4198,manager
4199,equipment
4200,probably
4201,china-australia
4202,feud
4203,turning
4204,fractures
4205,karan
4206,projects
4207,blamed
4208,divulge
4209,jodhpurs
4210,radha
4211,bheel
4212,basti
4213,gomti
4214,earlier
4215,tribal
4216,owaisi
4217,remarks
4218,stranded
4219,cache
4220,mint
4221,muhammad
4222,butterflies
4223,climb
4224,miss
4225,r
4226,sunil
4227,ranks
4228,gurudwara
4229,management
4230,activist
4231,90
4232,coconut
4233,centres
4234,normal
4235,beat
4236,destabilise
4237,spreads
4238,seemed
4239,woes
4240,adopt
4241,dancers
4242,athletes
4243,900
4244,crores
4245,yall
4246,unknown
4247,thick
4248,thin
4249,mandatory
4250,steel
4251,walls
4252,iron
4253,fortresses
4254,flowering
4255,legs
4256,broken
4257,permethrin
4258,pyrethroid
4259,medications
4260,meal
4261,call
4262,hunger
4263,morality
4264,dav
4265,feeding
4266,breast
4267,infant
4268,doors
4269,avian
4270,flu
4271,unite
4272,harish
4273,destiny
4274,deepika
4275,padukone
4276,padmavati
4277,khap
4278,panchayats
4279,sanctity
4280,thousand
4281,lurch
4282,upturned
4283,entering
4284,illegally
4285,sore
4286,roads
4287,meaning
4288,translator-credits
4289,pillar
4290,ounces
4291,tons
4292,xmas
4293,greetings
4294,drivers
4295,discipline
4296,met
4297,taurus
4298,expression
4299,matching
4300,tremors
4301,gagan
4302,pandit
4303,mainland
4304,widely
4305,swap
4306,cognisance
4307,journalist
4308,ideology
4309,offences
4310,whispered
4311,escapes
4312,drizzle
4313,vinegar
4314,enormously
4315,dignity
4316,guarantee
4317,sorry
4318,boosts
4319,babys
4320,immune
4321,toppers
4322,input
4323,terra
4324,cotta
4325,wealth
4326,monika
4327,khanna
4328,triggered
4329,massive
4330,bombing
4331,kabul
4332,jammu-pathankot
4333,attacker
4334,anil
4335,eventually
4336,rest
4337,4000mah
4338,literary
4339,everyday
4340,lynching
4341,pirates
4342,caribbean
4343,redemption
4344,targets
4345,computers
4346,cooperative
4347,ping
4348,irne
4349,hof
4350,laurenceau
4351,complexions
4352,'women
4353,dare
4354,sergei
4355,ivanovpresident
4356,alrosa
4357,consequently
4358,dismissed
4359,galgotias
4360,tourism
4361,controls
4362,libra
4363,formats
4364,scary
4365,largesse
4366,arnab
4367,ahead
4368,canonical
4369,updates
4370,appname
4371,support_end_month_str
4372,support_end_year
4373,amitabh
4374,bachchan
4375,flying
4376,asthma
4377,cape
4378,town
4379,africa
4380,com
4381,fairly
4382,abraham
4383,youve
4384,thalot
4385,uproar
4386,matt
4387,34
4388,surge
4389,4gb+128gb
4390,cny
4391,999
4392,"10,500"
4393,exercising
4394,panel
4395,failure
4396,lukewarm
4397,pat
4398,displaced
4399,delegation
4400,elusive
4401,coriander
4402,seeds
4403,chris
4404,christie
4405,surprising
4406,cook
4407,deep
4408,cctv
4409,understood
4410,mansi
4411,dua
4412,theater
4413,essential
4414,commodity
4415,circle
4416,democrats
4417,oppose
4418,diagrams
4419,congresss
4420,conceal
4421,auto
4422,instagram/
4423,zermatt
4424,matterhorn
4425,turkey
4426,economies
4427,plants
4428,returns
4429,faults
4430,jailed
4431,peeping
4432,ladies
4433,washroom
4434,mama
4435,mia
4436,position
4437,acquire
4438,muddy
4439,injury
4440,forehead
4441,geetha
4442,johri
4443,gujarats
4444,in-charge
4445,dgp
4446,ransacked
4447,pie
4448,cooking
4449,jun
4450,crying
4451,fouls
4452,gobindgarh
4453,saurashtra
4454,tournament
4455,snapped
4456,answering
4457,piles
4458,1/3
4459,ips
4460,anand
4461,mani
4462,majra
4463,punishments
4464,parallel
4465,seduce
4466,taste
0,UNK
1,PAD
2,BOS
3,EOS
4,.
5,the
6,s
7,
8,is
9,a
10,in
11,","
12,to
13,?
14,of
15,this
16,it
17,be
18,and
19,ed
20,was
21,ing
22,are
23,for
24,he
25,:
26,on
27,what
28,will
29,i
30,you
31,d
32,that
33,has
34,not
35,were
36,there
37,have
38,-
39,en
40,with
41,e
42,police
43,they
44,no
45,ly
46,but
47,al
48,y
49,!
50,do
51,'
52,we
53,s
54,t
55,two
56,at
57,all
58,from
59,)
60,t
61,your
62,also
63,as
64,c
65,people
66,er
67,by
68,(
69,so
70,very
71,why
72,one
73,can
74,about
75,how
76,a
77,ir
78,them
79,its
80,an
81,...
82,c
83,his
84,i
85,accused
86,work
87,injured
88,arrested
89,against
90,case
91,india
92,n
93,good
94,out
95,my
96,killed
97,she
98,students
99,p
100,more
101,accident
102,said
103,new
104,too
105,day
106,k
107,""""""""
108,get
109,dont
110,did
111,g
112,had
113,who
114,b
115,man
116,government
117,punjab
118,should
119,/
120,school
121,after
122,road
123,r
124,singh
125,being
126,world
127,where
128,held
129,here
130,nt
131,1
132,un
133,f
134,go
135,first
136,b
137,protest
138,o
139,dr
140,es
141,three
142,-
143,both
144,him
145,court
146,then
147,up
148,other
149,congress
150,does
151,these
152,dies
153,many
154,family
155,"."""
156,d
157,m
158,delhi
159,m
160,driver
161,o
162,me
163,life
164,3
165,indian
166,water
167,time
168,into
169,children
170,l
171,in
172,state
173,know
174,re
175,however
176,hospital
177,our
178,ic
179,ion
180,2
181,much
182,f
183,g
184,%
185,food
186,ation
187,god
188,an
189,need
190,bjp
191,whats
192,film
193,some
194,pakistan
195,&
196,women
197,youth
198,present
199,harma
200,farmers
201,programme
202,am
203,per
204,like
205,news
206,l
207,us
208,such
209,or
210,celebrated
211,child
212,st
213,happened
214,different
215,only
216,h
217,make
218,rs
219,incident
220,j
221,got
222,car
223,over
224,want
225,health
226,anything
227,ive
228,p
229,look
230,later
231,nothing
232,_
233,use
234,""""""""
235,treatment
236,meeting
237,'
238,or
239,u
240,de
241,ju
242,murder
243,workers
244,stage
245,minister
246,well
247,e
248,occasion
249,under
250,matter
251,off
252,change
253,mishap
254,would
255,her
256,bus
257,girl
258,""""
259,among
260,going
261,ma
262,registered
263,dur
264,ur
265,home
266,re
267,le
268,ok
269,quit
270,taken
271,ra
272,4
273,began
274,attack
275,could
276,let
277,lot
278,h
279,10
280,cases
281,reported
282,information
283,house
284,high
285,modi
286,issue
287,on
288,say
289,1
290,ers
291,died
292,informed
293,may
294,investigation
295,able
296,love
297,hold
298,ies
299,problem
300,ra
301,media
302,teachers
303,r
304,yes
305,w
306,ted
307,our
308,ch
309,doctor
310,sugar
311,ia
312,went
313,ap
314,20
315,anyone
316,soon
317,ary
318,us
319,action
320,give
321,it
322,hit
323,woman
324,done
325,just
326,number
327,ous
328,w
329,death
330,which
331,la
332,right
333,not
334,open
335,happy
336,ul
337,try
338,add
339,and
340,answer
341,khan
342,pe
343,best
344,book
345,see
346,kashmir
347,bank
348,movie
349,sever
350,st
351,back
352,body
353,show
354,seized
355,traffic
356,el
357,must
358,id
359,serious
360,president
361,list
362,chief
363,k
364,ar
365,cause
366,rally
367,govt
368,still
369,mobile
370,15
371,act
372,dead
373,te
374,suicide
375,ud
376,heart
377,cup
378,made
379,help
380,start
381,include
382,full
383,key
384,take
385,think
386,lways
387,principal
388,am
389,found
390,isnt
391,up
392,daughter
393,process
394,ish
395,current
396,remain
397,questions
398,june
399,support
400,dis
401,easy
402,ble
403,50
404,name
405,device
406,type
407,times
408,price
409,as
410,talk
411,se
412,officers
413,party
414,place
415,u
416,university
417,become
418,son
419,body
420,than
421,event
422,om
423,centr
424,large
425,hose
426,identified
427,immediately
428,face
429,5
430,ent
431,read
432,most
433,city
434,ll
435,na
436,really
437,eyes
438,200
439,liquor
440,the
441,situation
442,fled
443,committee
444,th
445,increase
446,another
447,important
448,ne
449,come
450,ment
451,thing
452,mind
453,works
454,seem
455,ctober
456,garh
457,great
458,benefit
459,v
460,x
461,lick
462,rump
463,question
464,father
465,ak
466,speaking
467,begin
468,ad
469,ting
470,every
471,entire
472,five
473,cash
474,when
475,college
476,team
477,100
478,14
479,keep
480,lord
481,district
482,money
483,clean
484,strong
485,date
486,oil
487,away
488,injuries
489,seminar
490,never
491,lakh
492,national
493,n
494,jail
495,pr
496,men
497,same
498,true
499,diseases
500,lead
501,required
502,ant
503,enter
504,commit
505,effect
506,friends
507,.
508,religious
509,far
510,free
511,operation
512,camp
513,suffer
514,win
515,soci
516,chandigarh
517,pur
518,im
519,stolen
520,fire
521,6
522,employees
523,y
524,colour
525,ce
526,needs
527,man
528,everyone
529,cost
530,mother
531,photo
532,sh
533,image
534,season
535,pper
536,shot
537,power
538,poor
539,way
540,known
541,second
542,march
543,regard
544,gms
545,given
546,election
547,ember
548,27
549,escape
550,play
551,options
552,run
553,out
554,feel
555,gold
556,find
557,direct
558,pi
559,prim
560,write
561,left
562,pm
563,clear
564,men
565,army
566,test
567,wash
568,dangerous
569,society
570,truck
571,vehicle
572,patients
573,results
574,drug
575,est
576,sahib
577,major
578,control
579,hap
580,next
581,china
582,crore
583,ful
584,ivate
585,pan
586,actor
587,living
588,called
589,area
590,fall
591,6
592,celebrate
593,suprem
594,author
595,ub
596,hope
597,staff
598,[
599,cit
600,]
601,human
602,rights
603,choose
604,z
605,night
606,file
607,possible
608,participated
609,error
610,milk
611,each
612,long
613,asked
614,sub
615,talks
616,end
617,development
618,fl
619,understand
620,light
621,eat
622,all
623,set
624,pro
625,labourer
626,fruits
627,ial
628,sc
629,near
630,sp
631,ical
632,probe
633,special
634,mr
635,boy
636,ie
637,came
638,lodg
639,economic
640,check
641,scene
642,v
643,history
644,strike
645,ma
646,video
647,underway
648,custody
649,politics
650,along
651,son
652,application
653,reality
654,recovered
655,mp
656,sp
657,twee
658,raj
659,sept
660,rush
661,total
662,ol
663,married
664,due
665,part
666,camera
667,seen
668,thank
669,director
670,village
671,immediate
672,hard
673,create
674,award
675,ri
676,rise
677,leaders
678,meet
679,4
680,26
681,union
682,select
683,ways
684,raised
685,nd
686,report
687,positive
688,repeat
689,rs
690,wrong
691,following
692,11
693,spot
694,problems
695,is
696,print
697,war
698,old
699,even
700,worth
701,mu
702,7
703,ran
704,once
705,jo
706,ter
707,actress
708,everything
709,young
710,yourself
711,art
712,things
713,symptoms
714,ions
715,documents
716,ept
717,interesting
718,bad
719,land
720,ge
721,crash
722,dec
723,illegal
724,turn
725,says
726,won
727,12
728,accord
729,down
730,hurt
731,science
732,service
733,couple
734,continue
735,last
736,general
737,tsp
738,system
739,reasons
740,par
741,fact
742,before
743,ever
744,fresh
745,happen
746,singer
747,residents
748,condition
749,sh
750,ity
751,local
752,song
753,jud
754,icial
755,passengers
756,together
757,drink
758,group
759,die
760,40
761,slogan
762,page
763,efault
764,value
765,education
766,less
767,success
768,active
769,release
770,match
771,words
772,brothers
773,vegetables
774,little
775,ex
776,speak
777,business
778,none
779,schools
780,di
781,while
782,services
783,appointed
784,deal
785,ti
786,issues
787,ate
788,own
789,shop
790,pay
791,kumar
792,competition
793,vari
794,student
795,public
796,function
797,fo
798,ian
799,der
800,started
801,hi
802,ve
803,pp
804,et
805,phone
806,creat
807,gu
808,setting
809,tra
810,main
811,any
812,travel
813,anuary
814,z
815,south
816,record
817,fourth
818,ash
819,jag
820,girls
821,8
822,stay
823,flu
824,19
825,post
826,cop
827,jalandhar
828,wife
829,online
830,ferv
831,yet
832,ible
833,fun
834,activity
835,ah
836,sleep
837,decision
838,tb
839,hands
840,admitt
841,happens
842,one
843,ry
844,bodies
845,examples
846,choice
847,consider
848,per
849,through
850,lot
851,answers
852,kg
853,heroin
854,runs
855,onion
856,upta
857,remember
858,message
859,tak
860,self
861,youths
862,23
863,pril
864,discussion
865,note
866,comes
867,minor
868,raped
869,ster
870,ious
871,circumstances
872,network
873,send
874,aharashtra
875,former
876,leader
877,mritsar
878,background
879,oo
880,don
881,anti
882,lal
883,um
884,result
885,memor
886,wear
887,birth
888,anniversary
889,vice
890,hancellor
891,thinking
892,9
893,ow
894,guest
895,sri
896,ts
897,contain
898,leave
899,something
900,ward
901,officials
902,holes
903,carry
904,ile
905,crime
906,poison
907,step
908,quiet
909,sound
910,final
911,accidents
912,relationship
913,vember
914,days
915,credit
916,3
917,8
918,im
919,earth
920,feature
921,favourite
922,ch
923,fine
924,attend
925,press
926,protests
927,commissioner
928,|
929,committ
930,country
931,few
932,edit
933,jammu
934,robbery
935,small
936,announced
937,movement
938,illi
939,cent
940,killing
941,tea
942,skin
943,pt
944,steps
945,completed
946,deceased
947,tar
948,iran
949,round
950,believe
951,matters
952,weather
953,reason
954,ty
955,husband
956,stopped
957,nature
958,til
959,better
960,gone
961,gencies
962,display
963,today
964,truth
965,ick
966,ach
967,red
968,sister
969,ru
970,language
971,to
972,trust
973,opposition
974,sikh
975,difference
976,nk
977,nia
978,department
979,person
980,congratulat
981,secretary
982,roid
983,gujarat
984,j
985,connection
986,missing
987,assault
988,day
989,ba
990,candidate
991,please
992,received
993,da
994,if
995,job
996,law
997,whole
998,aur
999,ij
1000,available
1001,festival
1002,ee
1003,update
1004,short
1005,electricity
1006,difficult
1007,ese
1008,dera
1009,assi
1010,buy
1011,failed
1012,cultural
1013,article
1014,pow
1015,station
1016,drugs
1017,server
1018,centre
1019,hul
1020,gandhi
1021,wait
1022,29
1023,agree
1024,political
1025,scheme
1026,nior
1027,ju
1028,ton
1029,mumbai
1030,ebruary
1031,engl
1032,used
1033,distributed
1034,stop
1035,certain
1036,rules
1037,elections
1038,necessary
1039,br
1040,gang
1041,security
1042,changed
1043,shah
1044,deep
1045,apply
1046,identity
1047,sit
1048,il
1049,live
1050,view
1051,wrote
1052,salt
1053,visit
1054,countries
1055,boys
1056,option
1057,common
1058,pregnant
1059,clip
1060,board
1061,submit
1062,names
1063,birthday
1064,safe
1065,easi
1066,fr
1067,equently
1068,direction
1069,honi
1070,captain
1071,civil
1072,terr
1073,grams
1074,ure
1075,inder
1076,responsible
1077,pal
1078,ence
1079,identified
1080,tell
1081,story
1082,actually
1083,border
1084,2
1085,train
1086,ix
1087,bal
1088,certificate
1089,prices
1090,pak
1091,fans
1092,contribute
1093,coming
1094,slice
1095,indi
1096,po
1097,procedure
1098,response
1099,governments
1100,worrie
1101,seriously
1102,awareness
1103,jehovah
1104,text
1105,color
1106,degrees
1107,debt
1108,kill
1109,heated
1110,drunk
1111,course
1112,tu
1113,views
1114,scr
1115,oll
1116,put
1117,sha
1118,10-
1119,meric
1120,peaceful
1121,[]
1122,summon
1123,lic
1124,million
1125,sustain
1126,save
1127,addict
1128,black
1129,weight
1130,negative
1131,daughters
1132,level
1133,jeweller
1134,go
1135,park
1136,christ
1137,esus
1138,green
1139,break
1140,etty
1141,everywhere
1142,responsibility
1143,fulfilled
1144,fight
1145,anger
1146,kids
1147,reduce
1148,blood
1149,extreme
1150,based
1151,came
1152,cook
1153,object
1154,amendment
1155,harm
1156,population
1157,size
1158,sports
1159,military
1160,cho
1161,sweet
1162,compos
1163,wickets
1164,7
1165,tri
1166,terrorist
1167,amba
1168,ugust
1169,16
1170,guru
1171,follow
1172,ho
1173,moment
1174,justice
1175,nigeria
1176,cancer
1177,close
1178,mus
1179,cut
1180,ghee
1181,ros
1182,paris
1183,treat
1184,pass
1185,appeal
1186,plugin
1187,crisis
1188,sad
1189,construction
1190,eye
1191,loss
1192,emon
1193,ice
1194,lack
1195,vote
1196,divide
1197,acult
1198,weigh
1199,heat
1200,se
1201,ternal
1202,brother
1203,cy
1204,songs
1205,vitamin
1206,con
1207,shall
1208,48
1209,gra
1210,strict
1211,medal
1212,round
1213,exercise
1214,endra
1215,21
1216,cream
1217,bible
1218,single
1219,provide
1220,pot
1221,put
1222,led
1223,enable
1224,reputation
1225,ida
1226,shooting
1227,eign
1228,top
1229,happening
1230,air
1231,sky
1232,elsius
1233,rc
1234,build
1235,bones
1236,game
1237,blessings
1238,no
1239,pictures
1240,cant
1241,sense
1242,reject
1243,age
1244,provided
1245,mov
1246,mak
1247,josh
1248,factor
1249,inspection
1250,financ
1251,heard
1252,jobs
1253,smartphone
1254,ones
1255,ji
1256,games
1257,ministry
1258,op
1259,30
1260,street
1261,review
1262,casualt
1263,ever
1264,pur
1265,teen
1266,allegations
1267,ahm
1268,realise
1269,flight
1270,techn
1271,fateh
1272,spoon
1273,defeat
1274,ludhiana
1275,ware
1276,quake
1277,ya
1278,shops
1279,","
1280,global
1281,often
1282,wish
1283,athinda
1284,nation
1285,inside
1286,candidates
1287,ha
1288,aras
1289,at
1290,pre
1291,ov
1292,sent
1293,install
1294,hu
1295,complaint
1296,address
1297,aking
1298,title
1299,butter
1300,expectations
1301,hockey
1302,suit
1303,persons
1304,search
1305,amit
1306,bur
1307,bench
1308,bomb
1309,tasty
1310,jeet
1311,athlete
1312,arn
1313,taran
1314,exams
1315,dal
1316,suppose
1317,books
1318,tory
1319,interview
1320,increasing
1321,enough
1322,past
1323,obvious
1324,port
1325,bless
1326,interest
1327,culture
1328,su
1329,training
1330,patience
1331,commission
1332,plan
1333,ors
1334,walk
1335,muslim
1336,ins
1337,care
1338,ali
1339,members
1340,details
1341,ground
1342,officer
1343,pu
1344,nka
1345,thought
1346,old
1347,organised
1348,sought
1349,happiness
1350,arrest
1351,peace
1352,24
1353,theme
1354,io
1355,annual
1356,nied
1357,plea
1358,selection
1359,trend
1360,ana
1361,ended
1362,year
1363,ated
1364,drain
1365,registration
1366,relie
1367,pension
1368,demanded
1369,blame
1370,"15,"
1371,elect
1372,since
1373,14
1374,enjoy
1375,learning
1376,mandi
1377,depend
1378,quality
1379,natur
1380,busy
1381,mm
1382,rank
1383,again
1384,iv
1385,big
1386,support
1387,particular
1388,live
1389,items
1390,chin
1391,authorities
1392,van
1393,instagram
1394,""""""
1395,touch
1396,2020
1397,perform
1398,interrogated
1399,medic
1400,aught
1401,fear
1402,buses
1403,ist
1404,dish
1405,bi
1406,ddler
1407,configuration
1408,listen
1409,violence
1410,word
1411,nagar
1412,highway
1413,attempt
1414,grow
1415,low
1416,smile
1417,dreams
1418,poet
1419,role
1420,ood
1421,beings
1422,complete
1423,experience
1424,"?"""
1425,harvest
1426,statement
1427,detained
1428,nam
1429,radesh
1430,charge
1431,session
1432,six
1433,board
1434,place
1435,fighting
1436,third
1437,spread
1438,ha
1439,sa
1440,mom
1441,honoured
1442,%(
1443,merican
1444,administration
1445,letter
1446,smuggling
1447,films
1448,mbedkar
1449,warm
1450,useful
1451,company
1452,efficien
1453,exam
1454,schedule
1455,cars
1456,vis
1457,oshan
1458,product
1459,express
1460,choreograph
1461,diet
1462,bother
1463,sted
1464,paste
1465,stick
1466,asking
1467,parties
1468,cast
1469,official
1470,cricket
1471,tourney
1472,ang
1473,changing
1474,bul
1475,amp
1476,fix
1477,victim
1478,viewpoint
1479,lock
1480,pl
1481,enty
1482,sensitive
1483,55
1484,markets
1485,medicine
1486,previous
1487,#
1488,week
1489,basis
1490,battery
1491,families
1492,wall
1493,pa
1494,volume
1495,increased
1496,mist
1497,using
1498,personal
1499,password
1500,powerful
1501,silver
1502,eem
1503,53
1504,winter
1505,ck
1506,himla
1507,rail
1508,rupt
1509,teacher
1510,khar
1511,international
1512,community
1513,cleanliness
1514,institute
1515,radi
1516,mo
1517,-2
1518,adu
1519,ala
1520,claim
1521,erritory
1522,esh
1523,bsc
1524,program
1525,nabbed
1526,lies
1527,prof
1528,nnel
1529,cc
1530,champions
1531,hip
1532,skill
1533,learn
1534,therefore
1535,hospitalised
1536,farmer
1537,himself
1538,almo
1539,mix
1540,mil
1541,sham
1542,trouble
1543,approved
1544,robber
1545,dv
1546,approach
1547,button
1548,germ
1549,properties
1550,agricultur
1551,heck
1552,perfect
1553,ube
1554,shift
1555,leprosy
1556,mb
1557,impact
1558,hospitals
1559,broke
1560,themselves
1561,cycle
1562,crowd
1563,alone
1564,medium
1565,ize
1566,150
1567,60
1568,loote
1569,bike
1570,loan
1571,me
1572,bag
1573,snatch
1574,river
1575,abha
1576,simple
1577,for
1578,lines
1579,arm
1580,ling
1581,brave
1582,diplomat
1583,dy
1584,crops
1585,document
1586,sla
1587,terrorists
1588,decor
1589,hou
1590,discussed
1591,column
1592,attacked
1593,escalat
1594,aint
1595,john
1596,frighten
1597,influence
1598,preparation
1599,gb
1600,white
1601,mi
1602,og
1603,stronger
1604,entertainment
1605,conditions
1606,nez
1607,commence
1608,2014
1609,strateg
1610,rom
1611,spar
1612,ked
1613,music
1614,afraid
1615,-3
1616,-16
1617,maha
1618,shiv
1619,rooftop
1620,majority
1621,stone
1622,tour
1623,further
1624,elaborat
1625,logged
1626,doing
1627,collapsed
1628,gram
1629,assembly
1630,vad
1631,cl
1632,seats
1633,71
1634,republic
1635,sitting
1636,independent
1637,legislat
1638,quality
1639,distress
1640,delight
1641,oogle
1642,hate
1643,eum
1644,petrol
1645,diesel
1646,simpl
1647,monitor
1648,accommodation
1649,needed
1650,ap
1651,aries
1652,call
1653,fra
1654,else
1655,gh
1656,met
1657,cross
1658,spouse
1659,phones
1660,motor
1661,lik
1662,disappointed
1663,pped
1664,invest
1665,recommendations
1666,starts
1667,payment
1668,tre
1669,thanks
1670,huge
1671,400
1672,command
1673,inaugurate
1674,ani
1675,adjud
1676,ged
1677,player
1678,ine
1679,leg
1680,russia
1681,concern
1682,padma
1683,avat
1684,capacity
1685,dear
1686,readers
1687,judge
1688,ab
1689,lie
1690,followed
1691,remote
1692,nar
1693,mahesh
1694,28
1695,now
1696,bottle
1697,appropriate
1698,ory
1699,inter
1700,ating
1701,den
1702,stable
1703,rich
1704,rescued
1705,facts
1706,concludes
1707,sector
1708,over
1709,arms
1710,blasts
1711,welcome
1712,icon
1713,user
1714,half
1715,ack
1716,north
1717,east
1718,organiz
1719,observation
1720,goods
1721,beautiful
1722,gistrat
1723,class
1724,kan
1725,elephant
1726,mas
1727,resolve
1728,flavourful
1729,climate
1730,marriage
1731,jay
1732,tu
1733,shop
1734,smiling
1735,box
1736,psalm
1737,2.
1738,31
1739,point
1740,supply
1741,affected
1742,her
1743,count
1744,side
1745,resign
1746,maintain
1747,basic
1748,ities
1749,citizens
1750,fast
1751,lia
1752,sort
1753,instance
1754,af
1755,born
1756,sentence
1757,sur
1758,late
1759,might
1760,forget
1761,industry
1762,nor
1763,expected
1764,fail
1765,efforts
1766,deep
1767,talking
1768,explosion
1769,declar
1770,tv
1771,ver
1772,drop
1773,range
1774,ellow
1775,ooja
1776,par
1777,dia
1778,els
1779,tense
1780,login
1781,ardhan
1782,fre
1783,blue
1784,resumed
1785,exist
1786,pick
1787,cap
1788,mis
1789,angel
1790,millions
1791,sole
1792,photos
1793,solution
1794,cheese
1795,bama
1796,off
1797,chari
1798,access
1799,additional
1800,cancelled
1801,suspects
1802,relat
1803,moha
1804,cloud
1805,ttle
1806,gre
1807,cur
1808,ek
1809,burnt
1810,xi
1811,exhibit
1812,unny
1813,edition
1814,wan
1815,abo
1816,rule
1817,handi
1818,mit
1819,hindu
1820,persist
1821,though
1822,migrant
1823,runn
1824,files
1825,panchayat
1826,mental
1827,illness
1828,pressure
1829,q
1830,united
1831,recent
1832,right
1833,anybody
1834,500
1835,cheaper
1836,style
1837,parking
1838,70
1839,rain
1840,accuse
1841,honour
1842,raq
1843,ron
1844,back
1845,bring
1846,silen
1847,du
1848,mla
1849,bir
1850,effective
1851,office
1852,decisions
1853,nav
1854,followers
1855,extent
1856,ay
1857,hearing
1858,silent
1859,aram
1860,conference
1861,abroad
1862,bli
1863,ival
1864,acceptable
1865,traumati
1866,future
1867,parents
1868,watch
1869,kali
1870,ta
1871,motorcycle
1872,reposi
1873,coco
1874,standard
1875,22
1876,ni
1877,ask
1878,load
1879,businessmen
1880,franc
1881,pe
1882,apricorn
1883,notes
1884,knew
1885,data
1886,burn
1887,raid
1888,becomes
1889,head
1890,shou
1891,eeping
1892,interact
1893,feed
1894,beginning
1895,inmate
1896,soul
1897,aware
1898,nu
1899,force
1900,contact
1901,consuming
1902,daily
1903,dar
1904,han
1905,uck
1906,gery
1907,action
1908,alleged
1909,looks
1910,location
1911,installed
1912,flood
1913,fe
1914,yre
1915,constitutional
1916,2021
1917,involv
1918,reports
1919,non
1920,chill
1921,hear
1922,month
1923,thereafter
1924,roads
1925,how
1926,str
1927,category
1928,earthquake
1929,import
1930,account
1931,hc
1932,otherwise
1933,ped
1934,regular
1935,searching
1936,others
1937,tribute
1938,hopra
1939,syrian
1940,refugee
1941,rd
1942,complex
1943,month
1944,orious
1945,coronavirus
1946,bill
1947,environment
1948,swi
1949,takes
1950,sixth
1951,warn
1952,store
1953,ats
1954,ml
1955,cold
1956,outside
1957,ign
1958,ac
1959,via
1960,bombing
1961,movies
1962,ft
1963,viral
1964,fat
1965,bi
1966,sometimes
1967,na
1968,ram
1969,hem
1970,percent
1971,window
1972,dark
1973,capt
1974,cloth
1975,beside
1976,legal
1977,ban
1978,agenda
1979,disc
1980,splend
1981,eight
1982,protect
1983,investigate
1984,figure
1985,dig
1986,drawing
1987,lunch
1988,trains
1989,temperature
1990,va
1991,areas
1992,ans
1993,defer
1994,superintendent
1995,maint
1996,ance
1997,voice
1998,ng
1999,accepted
2000,thousands
2001,litre
2002,cm
2003,rock
2004,divulge
2005,lose
2006,behind
2007,period
2008,5
2009,20
2010,mark
2011,forgive
2012,audience
2013,lawyer
2014,toward
2015,neg
2016,join
2017,kar
2018,apolog
2019,ised
2020,goals
2021,my
2022,alternative
2023,pping
2024,informer
2025,tests
2026,resent
2027,boost
2028,bri
2029,ariff
2030,played
2031,ball
2032,customer
2033,kar
2034,tan
2035,ongoing
2036,league
2037,activist
2038,loans
2039,extra
2040,hetty
2041,sessions
2042,girl
2043,australia
2044,wati
2045,handle
2046,""""""
2047,""""
2048,narrat
2049,karnatak
2050,lynch
2051,ature
2052,rubb
2053,yield
2054,dist
2055,succeeded
2056,interrogat
2057,focus
2058,auto
2059,citizenship
2060,nce
2061,dare
2062,rescue
2063,char
2064,foundation
2065,pain
2066,gal
2067,technique
2068,expensive
2069,sexual
2070,sight
2071,habit
2072,false
2073,character
2074,kind
2075,surface
2076,four
2077,severe
2078,gr
2079,rejected
2080,order
2081,democracy
2082,32
2083,acebook
2084,return
2085,building
2086,wounded
2087,muni
2088,sanit
2089,wide
2090,spread
2091,kash
2092,ga
2093,swa
2094,internet
2095,suspended
2096,minds
2097,gant
2098,tusk
2099,can
2100,ache
2101,un
2102,stabili
2103,picture
2104,studi
2105,aw
2106,credit
2107,civilians
2108,challenges
2109,stated
2110,request
2111,ag
2112,ph
2113,uc
2114,excellen
2115,visha
2116,investigat
2117,year
2118,rds
2119,colli
2120,sion
2121,communication
2122,amir
2123,ukh
2124,estimat
2125,farm
2126,ceremony
2127,david
2128,54
2129,proceedings
2130,ex
2131,lower
2132,chance
2133,hieve
2134,inse
2135,climb
2136,donate
2137,itself
2138,cong
2139,imran
2140,rec
2141,organisations
2142,ministers
2143,remand
2144,villagers
2145,line
2146,crashe
2147,recovery
2148,pat
2149,audi
2150,design
2151,responsibilities
2152,chand
2153,morning
2154,co
2155,popular
2156,trees
2157,objective
2158,limit
2159,wat
2160,president
2161,market
2162,preserve
2163,carefully
2164,fashion
2165,project
2166,teaching
2167,celebrations
2168,correct
2169,possible
2170,hennai
2171,installation
2172,progress
2173,successful
2174,unfortunate
2175,arrangements
2176,ern
2177,cr
2178,ption
2179,guarantee
2180,roa
2181,till
2182,email
2183,translator
2184,thyroid
2185,transport
2186,har
2187,remov
2188,incidents
2189,van
2190,released
2191,qui
2192,nut
2193,capture
2194,ermany
2195,surprised
2196,exact
2197,lives
2198,"!"""
2199,worship
2200,pull
2201,aryana
2202,seek
2203,king
2204,critical
2205,layers
2206,stars
2207,amaz
2208,rape
2209,share
2210,gle
2211,seduce
2212,involves
2213,17
2214,argu
2215,prepared
2216,superstar
2217,uri
2218,fair
2219,reply
2220,medicines
2221,00
2222,ika
2223,marks
2224,ib
2225,2013
2226,matt
2227,gb
2228,unique
2229,airline
2230,shambles
2231,nominat
2232,comedy
2233,owner
2234,throw
2235,acid
2236,","""""
2237,duo
2238,etc
2239,enthusiasm
2240,latin
2241,generation
2242,bra
2243,dum
2244,motive
2245,assailants
2246,fortnight
2247,governance
2248,organisation
2249,shock
2250,2002
2251,protested
2252,250
2253,gambling
2254,shri
2255,uff
2256,dispute
2257,exp
2258,machine
2259,calls
2260,either
2261,q
2262,rem
2263,destroy
2264,alcohol
2265,conduct
2266,poll
2267,papers
2268,flat
2269,shashank
2270,haitan
2271,preparations
2272,sw
2273,18
2274,kal
2275,ka
2276,grand
2277,garlic
2278,halini
2279,dau
2280,lending
2281,institutions
2282,li
2283,colleagues
2284,mega
2285,selfi
2286,dden
2287,people
2288,dhar
2289,resource
2290,bai
2291,ject
2292,finished
2293,bound
2294,abuse
2295,retaliated
2296,firing
2297,means
2298,sides
2299,modifi
2300,congratulate
2301,uresh
2302,secretaries
2303,ww
2304,psycholog
2305,15
2306,overturn
2307,trail
2308,phone
2309,atmosphere
2310,suggest
2311,commodities
2312,cheat
2313,strain
2314,mixture
2315,bowl
2316,squa
2317,millimet
2318,gain
2319,analys
2320,fuel
2321,trip
2322,hor
2323,spokesperson
2324,diagnos
2325,shahee
2326,dham
2327,lift
2328,secret
2329,inquir
2330,fortunate
2331,clothe
2332,cremat
2333,decide
2334,sacrifice
2335,miscreants
2336,colours
2337,cha
2338,metal
2339,tongue
2340,straight
2341,flaw
2342,spinn
2343,mill
2344,mini
2345,qua
2346,oy
2347,uch
2348,code
2349,129
2350,bold
2351,apply
2352,level
2353,pakistani
2354,lodge
2355,curr
2356,ied
2357,corp
2358,branch
2359,vacant
2360,terior
2361,register
2362,banned
2363,eventualities
2364,1955
2365,acqu
2366,2:
2367,youngsters
2368,700
2369,plann
2370,roject
2371,cqui
2372,sition
2373,suit
2374,prominen
2375,cinema
2376,solutions
2377,value
2378,reserve
2379,ve
2380,uel
2381,conductor
2382,anxiet
2383,laya
2384,lam
2385,13
2386,6-1
2387,port
2388,innocent
2389,heaven
2390,employee
2391,bun
2392,gling
2393,spectator
2394,tractor
2395,dream
2396,ab
2397,task
2398,star
2399,inner
2400,locality
2401,amera
2402,moun
2403,sudden
2404,pollut
2405,prise
2406,circuit
2407,evidence
2408,orders
2409,appli
2410,condemns
2411,finding
2412,sections
2413,nganwadi
2414,players
2415,tax
2416,politicians
2417,labour
2418,lish
2419,reland
2420,provid
2421,budget
2422,shopping
2423,debu
2424,ging
2425,hot
2426,rent
2427,violation
2428,ca
2429,prevent
2430,uses
2431,custom
2432,slide
2433,shows
2434,calm
2435,festivities
2436,outcome
2437,resist
2438,47
2439,brows
2440,bike
2441,arguments
2442,tough
2443,humanity
2444,interpret
2445,opposite
2446,connect
2447,sho
2448,develop
2449,resilience
2450,origin
2451,preference
2452,specific
2453,terrorism
2454,lus
2455,bhupinder
2456,propos
2457,detect
2458,dyal
2459,row
2460,campus
2461,potatoes
2462,terestingly
2463,numbers
2464,dharna
2465,94
2466,dsp
2467,ranjit
2468,copy
2469,box
2470,wise
2471,time
2472,rout
2473,bott
2474,clarifie
2475,witter
2476,imposed
2477,fairness
2478,ima
2479,decided
2480,pensioners
2481,elder
2482,bigge
2483,economy
2484,ox
2485,tree
2486,56
2487,matches
2488,vitation
2489,que
2490,continuous
2491,door
2492,rance
2493,sensor
2494,57
2495,fall
2496,mistake
2497,moral
2498,standards
2499,fatal
2500,arch
2501,direct
2502,indi
2503,viation
2504,entry
2505,lac
2506,less
2507,nearby
2508,employment
2509,appear
2510,repair
2511,udder
2512,knowledge
2513,occurred
2514,10.
2515,30
2516,holiday
2517,christian
2518,actions
2519,tribun
2520,homes
2521,age
2522,front
2523,package
2524,downloaded
2525,monk
2526,operator
2527,privilege
2528,risk
2529,veer
2530,concerned
2531,continued
2532,uncertain
2533,mark
2534,indoor
2535,pollution
2536,roc
2537,ket
2538,ugh
2539,watching
2540,oth
2541,idea
2542,diabet
2543,=%
2544,boo
2545,excit
2546,approve
2547,tification
2548,agreement
2549,recruit
2550,implemented
2551,cool
2552,secur
2553,har
2554,142
2555,aspects
2556,airport
2557,shut
2558,procure
2559,capital
2560,abad
2561,angry
2562,ignore
2563,sew
2564,move
2565,wisdom
2566,emotional
2567,balance
2568,replace
2569,ther
2570,donald
2571,similar
2572,fan
2573,far
2574,tab
2575,badges
2576,motivate
2577,preach
2578,childhood
2579,memorable
2580,nirmal
2581,adds
2582,flavour
2583,with
2584,neighbour
2585,gather
2586,alert
2587,gruel
2588,inch
2589,perceive
2590,lywood
2591,industries
2592,writer
2593,mber
2594,trophy
2595,agriculture
2596,scienti
2597,shi
2598,roman
2599,gurdwara
2600,bandh
2601,pandemic
2602,blog
2603,imm
2604,ncil
2605,quick
2606,tical
2607,djustment
2608,wi
2609,chur
2610,ning
2611,ography
2612,rajasthan
2613,cp
2614,yurved
2615,institution
2616,ries
2617,nant
2618,theatre
2619,soldier
2620,voter
2621,colleges
2622,quot
2623,ota
2624,infrastructure
2625,ywhere
2626,elective
2627,chat
2628,*
2629,categories
2630,if
2631,used
2632,badal
2633,cord
2634,friendly
2635,strengthen
2636,ready
2637,manth
2638,brahm
2639,khti
2640,sad
2641,"80,000"
2642,personnel
2643,bahadur
2644,table
2645,admit
2646,ehri
2647,election
2648,atiala
2649,recreat
2650,eneficial
2651,pray
2652,soft
2653,upgrade
2654,observed
2655,89
2656,breath
2657,electronic
2658,subject
2659,devot
2660,ges
2661,ni
2662,launched
2663,8.
2664,28
2665,spokesman
2666,sar
2667,gur
2668,nep
2669,proposal
2670,ull
2671,emb
2672,nomination
2673,commerce
2674,quarter
2675,finals
2676,mad
2677,executive
2678,ender
2679,criticise
2680,comfort
2681,react
2682,expert
2683,cycle
2684,growth
2685,cycl
2686,kanta
2687,stories
2688,renam
2689,vija
2690,functionaries
2691,strength
2692,number
2693,pride
2694,judic
2695,advocate
2696,guilty
2697,contemp
2698,49
2699,come
2700,ersey
2701,states
2702,animal
2703,pose
2704,dances
2705,instalment
2706,concept
2707,shed
2708,extended
2709,comm
2710,od
2711,avy
2712,batt
2713,ttarakhand
2714,heema
2715,capabilities
2716,slow
2717,down
2718,mo
2719,flag
2720,greet
2721,kir
2722,arriv
2723,yal
2724,draw
2725,worked
2726,poster
2727,prosperity
2728,favor
2729,stir
2730,bored
2731,tch
2732,ike
2733,harar
2734,idhu
2735,amend
2736,regulations
2737,05.08.2020
2738,thro
2739,challenge
2740,temperatures
2741,degree
2742,relations
2743,hydrat
2744,astic
2745,ggregation
2746,eena
2747,alarming
2748,state
2749,jot
2750,chh
2751,ward
2752,convey
2753,considerably
2754,conduct
2755,messages
2756,http
2757,magni
2758,fic
2759,agency
2760,nag
2761,calendar
2762,jump
2763,gita
2764,enforce
2765,papa
2766,some
2767,barricade
2768,india
2769,friend
2770,mount
2771,gations
2772,pornography
2773,spoke
2774,stress
2775,harb
2776,halsa
2777,excel
2778,ca
2779,badly
2780,damaged
2781,corporate
2782,196
2783,meh
2784,arb
2785,lying
2786,late
2787,ealing
2788,annually
2789,artist
2790,folder
2791,gaz
2792,gas
2793,joke
2794,sensation
2795,sale
2796,uldeep
2797,improve
2798,setup
2799,rainfall
2800,respi
2801,smack
2802,arab
2803,execut
2804,ric
2805,origin
2806,uk
2807,terror
2808,counsel
2809,wicked
2810,chal
2811,moh
2812,rri
2813,danger
2814,revis
2815,outcomes
2816,bit
2817,orient
2818,brazil
2819,reddy
2820,member
2821,rains
2822,lash
2823,mail
2824,together
2825,45
2826,original
2827,distort
2828,traditional
2829,classroom
2830,ove
2831,remote
2832,sisters
2833,librar
2834,circula
2835,ct
2836,lifted
2837,part
2838,established
2839,sealed
2840,nurse
2841,bric
2842,railway
2843,research
2844,3.
2845,respect
2846,case
2847,talent
2848,lakhs
2849,mention
2850,opposing
2851,fetch
2852,ransmission
2853,nin
2854,speed
2855,automatic
2856,acquitted
2857,avail
2858,use
2859,presence
2860,espec
2861,ially
2862,integrate
2863,floor
2864,que
2865,commercial
2866,arrange
2867,martyr
2868,welf
2869,are
2870,association
2871,ld
2872,buil
2873,cient
2874,dri
2875,absconding
2876,retired
2877,jawan
2878,drawn
2879,trader
2880,organiz
2881,finance
2882,accept
2883,item
2884,irregularities
2885,min
2886,utes
2887,coming
2888,utical
2889,care
2890,connected
2891,1999
2892,either
2893,emple
2894,mosque
2895,warrant
2896,win
2897,tragic
2898,ohli
2899,slip
2900,effort
2901,ker
2902,ik
2903,martyrs
2904,lwa
2905,priya
2906,votes
2907,restart
2908,communica
2909,administrati
2910,ongyearbyen
2911,kidnapp
2912,erate
2913,ubsequently
2914,diya
2915,withdraw
2916,threat
2917,assist
2918,ndling
2919,ukherjee
2920,require
2921,material
2922,ometimes
2923,turban
2924,driving
2925,rob
2926,undergo
2927,bruis
2928,ake
2929,bo
2930,purchas
2931,uction
2932,resident
2933,vel
2934,37
2935,lly
2936,ride
2937,deteriorat
2938,bigg
2939,mock
2940,agreed
2941,bronze
2942,of
2943,him
2944,withdrawn
2945,ltimate
2946,zech
2947,iah
2948,screen
2949,amarinder
2950,collect
2951,center
2952,brigade
2953,pollut
2954,luck
2955,impediment
2956,125
2957,solved
2958,recruitment
2959,understandable
2960,america
2961,vi
2962,allege
2963,rture
2964,rating
2965,picked
2966,questioned
2967,wer
2968,governor
2969,meanwhile
2970,winners
2971,loving
2972,fund
2973,employment
2974,marg
2975,indefinite
2976,race
2977,bear
2978,rev
2979,militants
2980,gun
2981,fight
2982,ver
2983,destruction
2984,discharge
2985,groups
2986,someone
2987,2011
2988,broad
2989,band
2990,(%
2991,%%%
2992,33
2993,outstanding
2994,west
2995,cabinet
2996,olog
2997,0
2998,col
2999,extend
3000,ness
3001,thoughts
3002,shar
3003,abstain
3004,450
3005,practical
3006,consume
3007,ginger
3008,ocratic
3009,mila
3010,ft
3011,plu
3012,gged
3013,winn
3014,substitute
3015,ipped
3016,tears
3017,74
3018,pc
3019,excessive
3020,committ
3021,entity
3022,96
3023,deaths
3024,yesterday
3025,vigil
3026,districts
3027,minent
3028,personalities
3029,freedom
3030,2016
3031,division
3032,football
3033,aeros
3034,anthropogenic
3035,surance
3036,platform
3037,higher
3038,imp
3039,imagine
3040,represent
3041,ture
3042,cal
3043,length
3044,chair
3045,storage
3046,space
3047,owing
3048,targeted
3049,tag
3050,chandra
3051,yaan
3052,000
3053,riday
3054,pu
3055,bail
3056,xim
3057,39
3058,innings
3059,33
3060,complain
3061,shared
3062,content
3063,emotion
3064,ls
3065,host
3066,euro
3067,battle
3068,culprit
3069,stand
3070,sign
3071,tual
3072,fulfill
3073,promise
3074,spreading
3075,rumours
3076,merit
3077,already
3078,examination
3079,conducted
3080,riders
3081,partner
3082,companion
3083,ship
3084,cite
3085,example
3086,trick
3087,gear
3088,plying
3089,",000"
3090,protein
3091,floods
3092,ducted
3093,lost
3094,experienc
3095,ties
3096,track
3097,irbha
3098,dra
3099,roadcasting
3100,dri
3101,chances
3102,verge
3103,crack
3104,cannabis
3105,protesters
3106,hine
3107,paper
3108,tilkut
3109,honor
3110,bullet
3111,fir
3112,raj
3113,own
3114,function
3115,safeguard
3116,egg
3117,businessman
3118,apoor
3119,eeti
3120,animals
3121,misbehavi
3122,ip
3123,relevan
3124,technolog
3125,grace
3126,umble
3127,myself
3128,materials
3129,participate
3130,contest
3131,located
3132,hhattisgarh
3133,ussain
3134,verse
3135,roles
3136,resh
3137,served
3138,demands
3139,informed
3140,sketch
3141,score
3142,187
3143,overs
3144,mountain
3145,region
3146,line
3147,switch
3148,referr
3149,situations
3150,least
3151,cipal
3152,corporation
3153,gla
3154,5:
3155,vivek
3156,ananda
3157,comment
3158,nda
3159,lit
3160,nomin
3161,monopol
3162,ig
3163,convention
3164,jai
3165,demise
3166,guru
3167,jit
3168,credi
3169,dmi
3170,scared
3171,temp
3172,va
3173,bedroom
3174,elecom
3175,mergency
3176,landing
3177,app
3178,lauded
3179,resurrection
3180,restor
3181,ja
3182,awarded
3183,achievements
3184,consequences
3185,export
3186,trials
3187,64
3188,tradition
3189,spect
3190,importance
3191,advance
3192,manufactur
3193,endeavor
3194,pak
3195,istan
3196,faithful
3197,erala
3198,years
3199,cooperation
3200,chest
3201,confess
3202,carried
3203,spared
3204,weakness
3205,ches
3206,cles
3207,closed
3208,purpose
3209,abu
3210,ddin
3211,intention
3212,ally
3213,unity
3214,9
3215,mates
3216,wire
3217,ravi
3218,shastri
3219,retain
3220,coach
3221,guide
3222,hok
3223,bhushan
3224,300
3225,opened
3226,route
3227,blacklist
3228,form
3229,defi
3230,slight
3231,hard
3232,atinder
3233,ulakh
3234,read
3235,feeling
3236,practice
3237,exception
3238,exchange
3239,converse
3240,rising
3241,effectively
3242,greatest
3243,receive
3244,variant
3245,consist
3246,appreciated
3247,kaj
3248,@
3249,ptly
3250,sbi
3251,warning
3252,ned
3253,debate
3254,rai
3255,sons
3256,ung
3257,mish
3258,slam
3259,cci
3260,fully
3261,ervicemen
3262,fee
3263,slabs
3264,investment
3265,catch
3266,75
3267,able
3268,safely
3269,overlook
3270,traced
3271,exc
3272,tweet
3273,merc
3274,female
3275,by
3276,ci
3277,launch
3278,120
3279,granted
3280,betrayed
3281,stumbl
3282,block
3283,''
3284,solid
3285,arity
3286,worth
3287,dial
3288,ogue
3289,fi
3290,counter
3291,attack
3292,representatives
3293,gathering
3294,tor
3295,mi
3296,ley
3297,cy
3298,highlight
3299,settle
3300,depart
3301,appearance
3302,ele
3303,reap
3304,painful
3305,mp
3306,collapse
3307,lend
3308,participants
3309,ribe
3310,grievances
3311,above
3312,vision
3313,presence
3314,vert
3315,disaster
3316,reach
3317,mally
3318,holy
3319,shrine
3320,production
3321,blast
3322,galore
3323,combination
3324,soor
3325,aliba
3326,attention
3327,assistance
3328,badminton
3329,38
3330,ikram
3331,ajith
3332,hill
3333,cli
3334,vin
3335,early
3336,eorge
3337,mal
3338,extortion
3339,plant
3340,bu
3341,sacred
3342,de
3343,twice
3344,vast
3345,episode
3346,unopposed
3347,petitioner
3348,definitely
3349,pitch
3350,petition
3351,filed
3352,gu
3353,tted
3354,sta
3355,bbed
3356,2012
3357,khai
3358,mortuary
3359,examined
3360,hotel
3361,bhaga
3362,dev
3363,2018
3364,uttar
3365,secure
3366,ntertainment
3367,viet
3368,tion
3369,phase
3370,550
3371,pra
3372,earn
3373,secur
3374,super
3375,lement
3376,wheat
3377,profit
3378,indicat
3379,sea
3380,rel
3381,ieved
3382,achieve
3383,prun
3384,slog
3385,scale
3386,bar
3387,nice
3388,spend
3389,dm
3390,situat
3391,engaluru
3392,industri
3393,corridor
3394,chain
3395,cages
3396,km
3397,gin
3398,encourag
3399,"12,"
3400,2009
3401,constant
3402,supervis
3403,standing
3404,usual
3405,lak
3406,plans
3407,whe
3408,uncommon
3409,25
3410,philippi
3411,aircraft
3412,pande
3413,gra
3414,revoca
3415,letters
3416,alerted
3417,mean
3418,brain
3419,child
3420,nanak
3421,condemn
3422,comments
3423,ett
3424,ucker
3425,berg
3426,une
3427,now
3428,1001
3429,absconded
3430,initial
3431,wamy
3432,caught
3433,handed
3434,prophec
3435,arian
3436,taxi
3437,hormone
3438,ten
3439,dering
3440,quickly
3441,household
3442,oli
3443,ism
3444,fake
3445,confident
3446,offer
3447,babu
3448,saying
3449,rabia
3450,losses
3451,rupee
3452,offices
3453,angana
3454,hood
3455,1995
3456,verbal
3457,cutting
3458,ner
3459,convict
3460,duty
3461,organ
3462,ify
3463,ador
3464,usage
3465,legend
3466,embarrass
3467,feelings
3468,banks
3469,observe
3470,tackle
3471,ejriwal
3472,rthwest
3473,awalpindi
3474,effig
3475,joy
3476,laws
3477,belie
3478,physical
3479,arrive
3480,imbabwe
3481,series
3482,collaborat
3483,hish
3484,preet
3485,hide
3486,trace
3487,celebrating
3488,fficien
3489,listic
3490,definition
3491,tweeted
3492,hundred
3493,somewhere
3494,consum
3495,confidence
3496,card
3497,well
3498,remove
3499,alaysia
3500,intercept
3501,boat
3502,rohi
3503,thrash
3504,fortunately
3505,surviv
3506,tomato
3507,renew
3508,transfer
3509,anjeev
3510,releas
3511,field
3512,lok
3513,passe
3514,statistic
3515,grim
3516,graphical
3517,cise
3518,hu
3519,admi
3520,claim
3521,plane
3522,ali
3523,encroachment
3524,real
3525,prove
3526,salm
3527,outfit
3528,surrounding
3529,harsh
3530,grace
3531,ards
3532,license
3533,aiah
3534,rasad
3535,journey
3536,kde
3537,mohal
3538,ndp
3539,technology
3540,dras
3541,supplement
3542,despi
3543,mc
3544,rejoice
3545,salar
3546,hra
3547,hang
3548,moha
3549,encounter
3550,liberalism
3551,forest
3552,advice
3553,13
3554,hat
3555,trick
3556,precious
3557,inheritance
3558,cbse
3559,sheet
3560,cyclist
3561,10
3562,vend
3563,ily
3564,east
3565,29
3566,mar
3567,announcement
3568,epi
3569,emic
3570,demand
3571,clash
3572,hmedabad
3573,celebration
3574,cancel
3575,laugh
3576,nawaz
3577,residence
3578,tender
3579,witness
3580,praise
3581,boo
3582,hail
3583,occur
3584,fooled
3585,le
3586,optional
3587,wonder
3588,bond
3589,bowler
3590,giv
3591,info
3592,relax
3593,minerals
3594,study
3595,range
3596,recogni
3597,photograph
3598,onia
3599,studies
3600,sedition
3601,gov
3602,method
3603,awaited
3604,places
3605,dal
3606,affair
3607,offers
3608,availab
3609,ility
3610,suspension
3611,disease
3612,ollywood
3613,humans
3614,refused
3615,ushka
3616,sure
3617,push
3618,pregnancy
3619,bha
3620,achieved
3621,thus
3622,waive
3623,busted
3624,permit
3625,criminal
3626,protestor
3627,opium
3628,stoo
3629,ghal
3630,poverty
3631,hails
3632,adhya
3633,prize
3634,distribution
3635,din
3636,woo
3637,furniture
3638,pol
3639,vehicles
3640,delay
3641,temper
3642,lowly
3643,tru
3644,dev
3645,wd
3646,dropped
3647,teenager
3648,ke
3649,asa
3650,cave
3651,guard
3652,ception
3653,calamity
3654,5.
3655,lect
3656,kom
3657,qualifie
3658,olympic
3659,eliminate
3660,notification
3661,95
3662,6.
3663,yourselves
3664,mosquito
3665,repellen
3666,opinion
3667,divert
3668,defend
3669,35
3670,70
3671,rk
3672,term
3673,manager
3674,equipment
3675,prob
3676,ably
3677,fracture
3678,karan
3679,projects
3680,radh
3681,bh
3682,bas
3683,earlier
3684,trib
3685,aisi
3686,remarks
3687,anded
3688,min
3689,hamm
3690,miss
3691,unil
3692,dwara
3693,management
3694,90
3695,centres
3696,normal
3697,beat
3698,adopt
3699,danc
3700,crores
3701,unknown
3702,thick
3703,thin
3704,da
3705,stee
3706,iron
3707,flow
3708,broken
3709,meth
3710,rin
3711,meal
3712,nger
3713,morality
3714,dav
3715,feeding
3716,brea
3717,infant
3718,doors
3719,avia
3720,unite
3721,tin
3722,vati
3723,sanctity
3724,thousand
3725,turned
3726,meaning
3727,lar
3728,ounce
3729,greeting
3730,discipline
3731,remors
3732,land
3733,widely
3734,cognisa
3735,journal
3736,ideology
3737,offence
3738,izz
3739,vin
3740,enormous
3741,dignit
3742,baby
3743,immun
3744,tta
3745,wealth
3746,mon
3747,trigger
3748,mass
3749,abul
3750,athankot
3751,attacker
3752,eventual
3753,rest
3754,liter
3755,everyday
3756,rates
3757,targets
3758,computer
3759,cooperat
3760,onsequently
3761,dismiss
3762,touris
3763,formats
3764,arna
3765,ahead
3766,abh
3767,achchan
3768,thma
3769,town
3770,africa
3771,com
3772,braham
3773,tha
3774,pro
3775,34
3776,surge
3777,+
3778,128
3779,999
3780,500
3781,exercising
3782,failure
3783,luke
3784,warm
3785,delegation
3786,elusive
3787,nder
3788,seeds
3789,ris
3790,surp
3791,rising
3792,underst
3793,hot
3794,dua
3795,ater
3796,essential
3797,commodit
3798,demo
3799,crat
3800,oppose
3801,conce
3802,zer
3803,horn
3804,turk
3805,plants
3806,fa
3807,jailed
3808,lad
3809,room
3810,position
3811,acquire
3812,udd
3813,injury
3814,head
3815,eet
3816,joh
3817,charge
3818,gp
3819,cooking
3820,crying
3821,gobind
3822,rashtra
3823,tournament
3824,snap
3825,answering
3826,ips
3827,punishment
3828,parallel
0,UNK
1,PAD
