BOS,2
EOS,3
.,4
the,5
is,6
",",7
in,8
?,9
to,10
of,11
a,12
this,13
it,14
and,15
was,16
are,17
:,18
he,19
for,20
on,21
what,22
be,23
will,24
you,25
i,26
'',27
not,28
has,29
were,30
have,31
there,32
that,33
with,34
they,35
police,36
``,37
but,38
!,39
do,40
no,41
we,42
been,43
at,44
from,45
two,46
),47
all,48
(,49
also,50
people,51
by,52
your,53
very,54
why,55
how,56
about,57
one,58
as,59
so,60
can,61
them,62
its,63
...,64
his,65
accused,66
injured,67
arrested,68
against,69
case,70
an,71
good,72
killed,73
out,74
students,75
more,76
my,77
accident,78
's,79
said,80
too,81
day,82
she,83
new,84
dont,85
india,86
had,87
their,88
government,89
after,90
road,91
1,92
being,93
%,94
did,95
held,96
singh,97
should,98
where,99
first,100
school,101
work,102
protest,103
three,104
-,105
both,106
punjab,107
world,108
then,109
other,110
these,111
dies,112
him,113
court,114
many,115
family,116
here,117
congress,118
delhi,119
up,120
water,121
who,122
dr,123
time,124
driver,125
children,126
s,127
2,128
get,129
thats,130
however,131
hospital,132
our,133
into,134
life,135
state,136
much,137
need,138
bjp,139
',140
whats,141
me,142
indian,143
film,144
some,145
know,146
man,147
&,148
youth,149
n't,150
farmers,151
food,152
go,153
news,154
such,155
celebrated,156
child,157
happened,158
different,159
only,160
incident,161
programme,162
3,163
anything,164
pakistan,165
does,166
later,167
rs,168
nothing,169
use,170
treatment,171
meeting,172
am,173
car,174
us,175
workers,176
minister,177
well,178
make,179
women,180
occasion,181
present,182
sharma,183
off,184
her,185
got,186
or,187
girl,188
going,189
registered,190
home,191
under,192
matter,193
taken,194
god,195
would,196
15,197
began,198
lot,199
among,200
cases,201
want,202
information,203
during,204
over,205
say,206
died,207
informed,208
stage,209
just,210
bus,211
change,212
investigation,213
attack,214
health,215
problem,216
teachers,217
yes,218
murder,219
reported,220
sugar,221
went,222
action,223
issue,224
quite,225
like,226
woman,227
mishap,228
done,229
death,230
which,231
happy,232
could,233
media,234
add,235
answer,236
10,237
best,238
movie,239
several,240
house,241
body,242
seized,243
anyone,244
soon,245
modi,246
must,247
serious,248
president,249
[,250
],251
list,252
chief,253
rally,254
govt,255
city,256
right,257
suicide,258
heart,259
per,260
cup,261
love,262
made,263
let,264
4,265
khan,266
full,267
take,268
think,269
see,270
always,271
bank,272
principal,273
back,274
isnt,275
daughter,276
show,277
questions,278
20,279
traffic,280
easy,281
50,282
name,283
times,284
took,285
price,286
officers,287
party,288
university,289
become,290
than,291
central,292
number,293
those,294
still,295
identified,296
dead,297
immediately,298
read,299
open,300
really,301
eyes,302
liquor,303
situation,304
fled,305
committee,306
increase,307
help,308
another,309
important,310
nobody,311
come,312
thing,313
mind,314
works,315
october,316
5,317
photo,318
click,319
trump,320
question,321
speaking,322
every,323
entire,324
five,325
cash,326
when,327
college,328
100,329
found,330
district,331
process,332
june,333
money,334
strong,335
away,336
injuries,337
talk,338
seminar,339
never,340
place,341
lakh,342
hit,343
jail,344
high,345
same,346
true,347
mobile,348
diseases,349
required,350
doctors,351
doesnt,352
friends,353
religious,354
free,355
file,356
kashmir,357
social,358
chandigarh,359
may,360
most,361
start,362
stolen,363
6,364
employees,365
colour,366
needs,367
great,368
everyone,369
key,370
season,371
shot,372
power,373
poor,374
known,375
second,376
march,377
gms,378
team,379
given,380
election,381
options,382
run,383
feel,384
find,385
directed,386
support,387
left,388
look,389
give,390
device,391
army,392
dangerous,393
oil,394
truck,395
vehicle,396
patients,397
results,398
drug,399
keep,400
son,401
national,402
sahib,403
large,404
next,405
crore,406
act,407
actor,408
living,409
called,410
supreme,411
author,412
staff,413
human,414
rights,415
choose,416
night,417
camp,418
possible,419
participated,420
error,421
hold,422
milk,423
200,424
each,425
long,426
try,427
asked,428
talks,429
currently,430
development,431
understand,432
fire,433
fruits,434
lord,435
/,436
special,437
boy,438
came,439
lodged,440
economic,441
scene,442
history,443
cost,444
video,445
include,446
underway,447
mother,448
custody,449
politics,450
july,451
image,452
along,453
application,454
're,455
way,456
reality,457
begins,458
getting,459
regard,460
recovered,461
wasnt,462
between,463
27,464
14,465
married,466
due,467
aap,468
camera,469
seen,470
thank,471
director,472
immediate,473
working,474
hard,475
create,476
award,477
pm,478
men,479
rise,480
leaders,481
clean,482
date,483
society,484
ways,485
raised,486
report,487
positive,488
wrong,489
following,490
check,491
gets,492
spot,493
problems,494
war,495
old,496
father,497
even,498
worth,499
event,500
7,501
major,502
control,503
once,504
actress,505
everything,506
yourself,507
things,508
symptoms,509
china,510
documents,511
interesting,512
bad,513
face,514
crash,515
area,516
effect,517
says,518
12,519
hope,520
according,521
down,522
hurt,523
science,524
service,525
couple,526
continue,527
last,528
far,529
operation,530
gods,531
tsp,532
system,533
reasons,534
fact,535
before,536
happen,537
residents,538
condition,539
local,540
song,541
judicial,542
passengers,543
eat,544
together,545
drink,546
set,547
die,548
slogans,549
page,550
default,551
education,552
success,553
active,554
words,555
brothers,556
vegetables,557
little,558
business,559
none,560
schools,561
seems,562
while,563
looking,564
services,565
appointed,566
issues,567
own,568
benefits,569
workshop,570
competition,571
student,572
public,573
types,574
function,575
started,576
phone,577
light,578
strike,579
any,580
travel,581
fourth,582
probe,583
girls,584
wife,585
booked,586
online,587
names,588
fervour,589
yet,590
fun,591
activity,592
sleep,593
decision,594
hands,595
admitted,596
happens,597
september,598
bodies,599
rushed,600
examples,601
choice,602
total,603
consider,604
group,605
punjabi,606
part,607
gold,608
remain,609
answers,610
kg,611
heroin,612
runs,613
onion,614
gupta,615
village,616
remember,617
clear,618
message,619
taking,620
youths,621
meet,622
april,623
note,624
comes,625
minor,626
raped,627
circumstances,628
network,629
select,630
send,631
former,632
leader,633
amritsar,634
background,635
wash,636
11,637
result,638
memory,639
wear,640
birth,641
anniversary,642
thinking,643
guest,644
leave,645
something,646
officials,647
ive,648
cause,649
crime,650
art,651
step,652
kept,653
accidents,654
land,655
private,656
november,657
days,658
credit,659
earth,660
illegal,661
favourite,662
commit,663
press,664
protests,665
commissioner,666
committing,667
country,668
robbery,669
small,670
announced,671
unable,672
movement,673
general,674
illicit,675
cent,676
suffered,677
tea,678
skin,679
win,680
steps,681
completed,682
deceased,683
fresh,684
singer,685
around,686
matters,687
weather,688
reason,689
gives,690
husband,691
im,692
stopped,693
proud,694
labourer,695
value,696
nature,697
better,698
match,699
perhaps,700
gone,701
agencies,702
display,703
today,704
truth,705
sister,706
nearly,707
trust,708
opposition,709
mr.,710
department,711
person,712
secretary,713
deal,714
holds,715
connection,716
trying,717
missing,718
assault,719
book,720
various,721
candidate,722
please,723
received,724
if,725
law,726
available,727
electricity,728
difficult,729
kumar,730
dera,731
bassi,732
failed,733
settings,734
end,735
main,736
cultural,737
powder,738
station,739
drugs,740
january,741
server,742
centre,743
rahul,744
gandhi,745
29,746
agree,747
political,748
scheme,749
mandi,750
england,751
used,752
distributed,753
stop,754
rules,755
elections,756
necessary,757
8,758
changed,759
heres,760
hes,761
identity,762
19,763
wrote,764
salt,765
pepper,766
countries,767
boys,768
jalandhar,769
option,770
common,771
pregnant,772
submitted,773
birthday,774
frequently,775
direction,776
doctor,777
dhoni,778
captain,779
tbsp,780
civil,781
grams,782
whos,783
responsible,784
unidentified,785
tell,786
story,787
theres,788
actually,789
border,790
didnt,791
playing,792
train,793
play,794
prices,795
pak,796
fans,797
coming,798
hindi,799
primary,800
response,801
governments,802
seriously,803
awareness,804
writes,805
jehovah,806
text,807
color,808
degrees,809
26,810
heated,811
discussion,812
union,813
course,814
type,815
test,816
views,817
maharashtra,818
repeat,819
turmeric,820
peaceful,821
summons,822
printer,823
black,824
weight,825
negative,826
daughters,827
9,828
jewellery,829
park,830
jesus,831
green,832
pretty,833
everywhere,834
whose,835
responsibility,836
fulfilled,837
fight,838
anger,839
kids,840
blood,841
extremely,842
young,843
based,844
became,845
quiet,846
final,847
looked,848
lead,849
population,850
size,851
military,852
2014,853
wickets,854
celebrate,855
falls,856
terrorist,857
16,858
worlds,859
attended,860
follows,861
won,862
indias,863
justice,864
cancer,865
cut,866
escaped,867
few,868
ca,869
paris,870
jammu,871
crisis,872
sad,873
eye,874
loss,875
vote,876
faculty,877
weighs,878
heat,879
brother,880
killing,881
songs,882
c,883
strict,884
medal,885
exercise,886
france,887
21,888
cream,889
single,890
ltd,891
iran,892
put,893
enable,894
reputation,895
shooting,896
womens,897
believe,898
top,899
happening,900
air,901
celsius,902
bones,903
game,904
blessings,905
pictures,906
cant,907
rejects,908
release,909
provided,910
making,911
inspection,912
stay,913
financial,914
heard,915
jobs,916
smartphone,917
b,918
ones,919
games,920
ministry,921
30,922
speaker,923
red,924
language,925
teen,926
allegations,927
realise,928
technical,929
fatehgarh,930
difference,931
spoon,932
defeat,933
ludhiana,934
shops,935
global,936
often,937
wish,938
bathinda,939
mishaps,940
prime,941
nation,942
inside,943
candidates,944
o,945
gujarat,946
sent,947
g,948
presented,949
likely,950
complaint,951
title,952
expectations,953
hockey,954
lets,955
suit,956
persons,957
search,958
bench,959
job,960
tasty,961
tarn,962
taran,963
festival,964
exams,965
supposed,966
books,967
interview,968
increasing,969
caused,970
enough,971
creative,972
past,973
obvious,974
murdered,975
bless,976
culture,977
commits,978
training,979
buy,980
patience,981
plan,982
muslim,983
events,984
leads,985
members,986
whole,987
details,988
officer,989
thought,990
organised,991
sought,992
happiness,993
includes,994
sometimes,995
peace,996
theme,997
celebrates,998
annual,999
wins,1000
denied,1001
selection,1002
south,1003
ended,1004
registration,1005
relief,1006
pension,1007
demanded,1008
since,1009
learning,1010
quality,1011
natural,1012
busy,1013
again,1014
big,1015
sikh,1016
live,1017
items,1018
mumbai,1019
chinese,1020
authorities,1021
2020,1022
interrogated,1023
fear,1024
buses,1025
article,1026
cbi,1027
configuration,1028
violence,1029
word,1030
attempt,1031
sound,1032
shah,1033
dreams,1034
poet,1035
apply,1036
february,1037
role,1038
beings,1039
completely,1040
experience,1041
harvest,1042
statement,1043
detained,1044
pradesh,1045
charge,1046
record,1047
ever,1048
session,1049
six,1050
security,1051
board,1052
hits,1053
fighting,1054
third,1055
sit,1056
honoured,1057
alive,1058
view,1059
administration,1060
posts,1061
letter,1062
cop,1063
smuggling,1064
films,1065
clipboard,1066
ambedkar,1067
warm,1068
useful,1069
company,1070
exam,1071
schedule,1072
cars,1073
product,1074
healthy,1075
diet,1076
visit,1077
paste,1078
sticks,1079
asking,1080
parties,1081
official,1082
cricket,1083
tourney,1084
escape,1085
changing,1086
fix,1087
victim,1088
flock,1089
plenty,1090
sensitive,1091
55,1092
markets,1093
medicine,1094
#,1095
basis,1096
battery,1097
families,1098
current,1099
volume,1100
increased,1101
mist,1102
throughout,1103
using,1104
personal,1105
powerful,1106
silver,1107
contributed,1108
53,1109
winter,1110
rail,1111
slice,1112
teacher,1113
ms,1114
international,1115
knows,1116
worried,1117
cleanliness,1118
kills,1119
claims,1120
territory,1121
cd,1122
program,1123
nabbed,1124
lies,1125
prof,1126
mysterious,1127
tunnel,1128
championship,1129
skill,1130
therefore,1131
hospitalised,1132
scroll,1133
debt,1134
farmer,1135
himself,1136
almond,1137
mix,1138
mild,1139
trouble,1140
tested,1141
approved,1142
robbers,1143
button,1144
properties,1145
agricultural,1146
delicious,1147
perfect,1148
million,1149
sustained,1150
addiction,1151
shifted,1152
leprosy,1153
impact,1154
vice-chancellor,1155
hospitals,1156
broke,1157
themselves,1158
crowd,1159
alone,1160
maya,1161
1/2,1162
150,1163
60,1164
looted,1165
bike,1166
sri,1167
changes,1168
snatched,1169
river,1170
break,1171
simple,1172
linesmen,1173
within,1174
brave,1175
reduce,1176
cholesterol,1177
carry,1178
diplomat,1179
crops,1180
slain,1181
terrorists,1182
decoration,1183
discussed,1184
column,1185
attacked,1186
frightened,1187
influence,1188
preparation,1189
object,1190
gorgeous,1191
white,1192
india-us,1193
relationship,1194
stronger,1195
entertainment,1196
sports,1197
conditions,1198
commence,1199
strategy,1200
sweet,1201
sparked,1202
music,1203
afraid,1204
fall,1205
maha,1206
rooftop,1207
majority,1208
feature,1209
tour,1210
further,1211
logged,1212
august,1213
doing,1214
collapsed,1215
turned,1216
assembly,1217
club,1218
seats,1219
moment,1220
republic,1221
sitting,1222
independent,1223
contain,1224
google,1225
hate,1226
close,1227
museum,1228
petrol,1229
diesel,1230
'not,1231
simply,1232
accommodation,1233
needed,1234
ghee,1235
goes,1236
ap,1237
aries,1238
treat,1239
fraud,1240
edit,1241
else,1242
across,1243
plugin,1244
spouse,1245
phones,1246
disappointed,1247
recommendations,1248
starts,1249
construction,1250
payment,1251
lemon,1252
juice,1253
thanks,1254
huge,1255
400,1256
inaugurated,1257
adjudged,1258
player,1259
internal,1260
russia,1261
vitamin,1262
capacity,1263
condensed,1264
shall,1265
48,1266
effects,1267
dear,1268
readers,1269
repeated,1270
lie,1271
followed,1272
remote,1273
modis,1274
mahesh,1275
28,1276
evergreen,1277
bibles,1278
bottles,1279
appropriate,1280
provides,1281
stable,1282
potholes,1283
mobiles,1284
rescued,1285
facts,1286
led,1287
concludes,1288
carrying,1289
arms,1290
blasts,1291
welcome,1292
couldnt,1293
icon,1294
composer,1295
maybe,1296
north,1297
east,1298
organizer,1299
editor,1300
wow,1301
observation,1302
goods,1303
beautiful,1304
magistrate,1305
class,1306
suffer,1307
kanpur,1308
flavourful,1309
build,1310
climate,1311
marriages,1312
shop,1313
box,1314
psalm,1315
31,1316
supply,1317
affected,1318
sense,1319
until,1320
side,1321
basic,1322
citizens,1323
moving,1324
fast,1325
born,1326
joshi,1327
factory,1328
late,1329
might,1330
industry,1331
nor,1332
expected,1333
efforts,1334
talking,1335
explosion,1336
drop,1337
bsf,1338
street,1339
orange,1340
causes,1341
pooja,1342
tense,1343
login,1344
blue,1345
resumed,1346
exist,1347
pick,1348
millions,1349
photos,1350
solution,1351
relationships,1352
cheese,1353
additional,1354
features,1355
flight,1356
cancelled,1357
suspects,1358
related,1359
manmohan,1360
sky,1361
nia,1362
houses,1363
burnt,1364
edition,1365
talwandi,1366
sabo,1367
rule,1368
mr,1369
congratulated,1370
hindu,1371
though,1372
enters,1373
scan,1374
hair,1375
running,1376
files,1377
mental,1378
illness,1379
pressure,1380
recent,1381
alright,1382
anybody,1383
shy,1384
installing,1385
cheaper,1386
style,1387
parking,1388
70,1389
rain,1390
begin,1391
address,1392
iraq,1393
lal,1394
payal,1395
brings,1396
silence,1397
butter,1398
balbir,1399
effective,1400
40,1401
office,1402
followers,1403
extent,1404
amit,1405
waste,1406
hearing,1407
silent,1408
kaur,1409
athlete,1410
conference,1411
abroad,1412
acceptable,1413
future,1414
parents,1415
watch,1416
akali,1417
repository,1418
standard,1419
22,1420
activated,1421
load,1422
businessmen,1423
created,1424
tickets,1425
capricorn,1426
knew,1427
data,1428
burn,1429
procedure,1430
becomes,1431
head,1432
shouted,1433
beginning,1434
update,1435
inmate,1436
aware,1437
interest,1438
forced,1439
labourers,1440
contact,1441
december,1442
consuming,1443
poison,1444
daily,1445
stuck,1446
inaction,1447
alleged,1448
looks,1449
location,1450
installed,1451
u.s,1452
seem,1453
commission,1454
constitutional,1455
2021,1456
save,1457
involved,1458
reports,1459
casualty,1460
easier,1461
vs,1462
chilli,1463
month,1464
thereafter,1465
category,1466
earthquake,1467
import,1468
account,1469
ground,1470
nigeria,1471
otherwise,1472
regular,1473
searching,1474
others,1475
chopra,1476
refugees,1477
x,1478
makes,1479
coronavirus,1480
bill,1481
environment,1482
wanted,1483
takes,1484
through,1485
arrest,1486
flour,1487
sixth,1488
warner,1489
store,1490
android,1491
ml,1492
cold,1493
outside,1494
24,1495
movies,1496
viral,1497
waiting,1498
nankana,1499
plea,1500
benefit,1501
percent,1502
window,1503
dark,1504
trend,1505
clothing,1506
legal,1507
agenda,1508
disc,1509
eight,1510
protection,1511
records,1512
lunch,1513
trains,1514
temperature,1515
bomb,1516
specs,1517
divided,1518
areas,1519
unions,1520
superintendent,1521
maintenance,1522
voice,1523
accepted,1524
thousands,1525
beware,1526
lose,1527
behind,1528
blame,1529
period,1530
v,1531
k,1532
elected,1533
mark,1534
audience,1535
lawyers,1536
ahmedgarh,1537
towards,1538
joins,1539
depends,1540
devices,1541
golden,1542
goals,1543
alternative,1544
informer,1545
tests,1546
played,1547
ball,1548
remains,1549
customer,1550
ongoing,1551
ali,1552
league,1553
particularly,1554
loans,1555
pal,1556
shetty,1557
sessions,1558
australia,1559
saraswati,1560
vandana,1561
instagram,1562
touch,1563
karnataka,1564
performed,1565
certain,1566
pay,1567
medical,1568
b.s,1569
succeeded,1570
interrogating,1571
congratulations,1572
focus,1573
citizenship,1574
amendment,1575
jagdish,1576
rescue,1577
23,1578
enter,1579
peddlers,1580
pain,1581
technique,1582
sexual,1583
wait,1584
false,1585
character,1586
listen,1587
four,1588
severe,1589
certificate,1590
gangster,1591
near,1592
rejected,1593
order,1594
democracy,1595
32,1596
facebook,1597
building,1598
wounded,1599
sanitation,1600
widespread,1601
purb,1602
taught,1603
internet,1604
suspended,1605
pakistans,1606
peoples,1607
junior,1608
highway,1609
usa,1610
picture,1611
studied,1612
civilians,1613
flash,1614
challenges,1615
stated,1616
request,1617
grow,1618
investigating,1619
starting,1620
year,1621
fever,1622
collision,1623
communication,1624
aamir,1625
rukh,1626
estimated,1627
ceremony,1628
david,1629
deeply,1630
54,1631
proceedings,1632
foreign,1633
lower,1634
chance,1635
thieves,1636
rinse,1637
policemen,1638
lack,1639
quake,1640
toll,1641
itself,1642
cong,1643
imran,1644
organisations,1645
ministers,1646
villagers,1647
crashes,1648
recovery,1649
yours,1650
design,1651
responsibilities,1652
chand,1653
morning,1654
popular,1655
trees,1656
objective,1657
limit,1658
watson,1659
market,1660
carefully,1661
fashion,1662
project,1663
teaching,1664
celebrations,1665
write,1666
impossible,1667
indians,1668
installation,1669
progress,1670
successful,1671
arrangements,1672
till,1673
thyroid,1674
workplace,1675
transport,1676
review,1677
incidents,1678
low,1679
released,1680
releases,1681
captured,1682
germany,1683
surprised,1684
short,1685
exactly,1686
lives,1687
spread,1688
certainly,1689
worship,1690
pull,1691
haryana,1692
ias,1693
seeking,1694
king,1695
critical,1696
layers,1697
stars,1698
amazing,1699
gang,1700
rape,1701
share,1702
panic,1703
involves,1704
17,1705
argument,1706
prepared,1707
superstar,1708
nagar,1709
mom,1710
chancellor,1711
reply,1712
medicines,1713
marks,1714
2013,1715
|,1716
safe,1717
unique,1718
stayin,1719
flush,1720
liked,1721
airline,1722
delh,1723
shambles,1724
nominates,1725
americans,1726
comedy,1727
owner,1728
visited,1729
throw,1730
acid,1731
father-son,1732
duo,1733
snoring,1734
etc,1735
enthusiasm,1736
soak,1737
gelatin,1738
generation,1739
bra,1740
dumb,1741
safest,1742
efficient,1743
torched,1744
motive,1745
assailants,1746
visible,1747
easily,1748
kashmirs,1749
fortnight,1750
poshan,1751
maah,1752
overload,1753
governance,1754
organisation,1755
shocked,1756
2002,1757
express,1758
protested,1759
choreograph,1760
250,1761
gambling,1762
bothered,1763
toasted,1764
shrimp,1765
buff,1766
terrible,1767
mess,1768
dispute,1769
castor,1770
exposure,1771
rajinder,1772
palembang,1773
indonesia,1774
keeps,1775
turbulence,1776
machinery,1777
onam,1778
regards,1779
stampede,1780
viewpoints,1781
lording,1782
highly,1783
calls,1784
either,1785
aggressive,1786
previous,1787
tool,1788
weekly,1789
processor,1790
ishq,1791
remix,1792
staged,1793
destroyed,1794
alcohol,1795
wallpaper,1796
re-conduct,1797
poll,1798
ballot,1799
papers,1800
keys,1801
certificates,1802
passwords,1803
rush,1804
flat,1805
shashank,1806
khaitan,1807
preparations,1808
swing,1809
18,1810
waseem,1811
peck,1812
kalka,1813
-shimla,1814
disrupted,1815
grand,1816
garlic,1817
shalini,1818
t.l,1819
po,1820
pidaukhar,1821
procedures,1822
lending,1823
institutions,1824
plis,1825
communitys,1826
colleagues,1827
20-megapixel,1828
selfie,1829
instituted,1830
bleak,1831
radius,1832
debt-ridden,1833
self,1834
molest,1835
23-24,1836
badukhar,1837
dharamsala,1838
resource,1839
durgesh,1840
bai,1841
eject,1842
finished,1843
bound,1844
absconds,1845
drunken,1846
abuses,1847
retaliated,1848
firing,1849
icc,1850
washed,1851
means,1852
learn,1853
sides,1854
modified,1855
congratulate,1856
suresh,1857
_output,1858
secretaries,1859
shawwl,1860
eid,1861
al-fitr,1862
shampoo,1863
psychology,1864
10-15,1865
overturns,1866
trailer,1867
dvrs,1868
approach,1869
wants,1870
iphone,1871
antiseptic,1872
germicidal,1873
atmosphere,1874
suggest,1875
commodities,1876
cheating,1877
strain,1878
mixture,1879
bowl,1880
square,1881
millimeters,1882
lalit,1883
ed,1884
gained,1885
youtube,1886
unassuming,1887
analysis,1888
saves,1889
fuel,1890
triple,1891
horse,1892
spokesperson,1893
diagnosis,1894
mb,1895
shaheed,1896
udham,1897
singhs,1898
lifting,1899
k.s,1900
secret,1901
high-level,1902
inquiry,1903
fortunate,1904
recycle,1905
clothes,1906
cremation,1907
decide,1908
medium-size,1909
sliced,1910
lowest,1911
loango,1912
muktsar,1913
ransom,1914
sacrifice,1915
christ,1916
miscreants,1917
colours,1918
chameleon,1919
bag,1920
containing,1921
metal,1922
tongue,1923
cleaners,1924
nabha,1925
straightforward,1926
therein,1927
flaw,1928
spinning,1929
mill,1930
gemini,1931
aquarius,1932
unemployed,1933
disarm,1934
village-,1935
laluchhapra,1936
jostling,1937
code:129,1938
bold,1939
rupture,1940
unapply,1941
levels,1942
c.c,1943
cbs,1944
pakistani,1945
lodges,1946
scurried,1947
uninspiring,1948
dying,1949
pile,1950
corpses,1951
branch,1952
poisoning,1953
vacant,1954
document,1955
interior,1956
register,1957
thou,1958
iad,1959
banned,1960
eventualities,1961
s.,1962
escalations,1963
1955,1964
acquainted,1965
john,1966
cooke,1967
sounds,1968
youngsters,1969
700,1970
planning,1971
gbfproject,1972
amendments,1973
acquisition,1974
harmful,1975
pantsuit,1976
shammi,1977
prominent,1978
cinema,1979
log,1980
solutions,1981
wh,1982
revalued,1983
reserve,1984
venezuelan,1985
chopper,1986
conductor,1987
aroma,1988
anxiety,1989
composed,1990
malayalam,1991
1-13,1992
2-36,1993
3-73,1994
4-168,1995
5-168,1996
6-171,1997
all-important,1998
innocent,1999
shivratri,2000
heaven,2001
employee,2002
bungling,2003
mute,2004
spectator,2005
decent,2006
approached,2007
stone-laden,2008
tractor,2009
dream,2010
abort,2011
tasks,2012
starc,2013
dinner,2014
elaboration,2015
locality,2016
chamera,2017
chamba,2018
mound,2019
suddenly,2020
gurugram,2021
most-polluted,2022
enterprises,2023
fined,2024
circuit,2025
el,2026
salvador,2027
evidence,2028
orders,2029
applicable,2030
itll,2031
hoot,2032
condemns,2033
71st,2034
legislation,2035
high-quality,2036
finding,2037
distress,2038
sections,2039
nigerian,2040
anganwadi,2041
delighted,2042
players,2043
tax,2044
politicians,2045
labour,2046
a-m|english,2047
ireland,2048
providing,2049
monitored,2050
lid,2051
budget,2052
shopping,2053
debugging,2054
output,2055
hot,2056
rental,2057
citation,2058
gross,2059
violation,2060
all-,2061
prevent,2062
calluses,2063
custom,2064
slide,2065
shows,2066
self-check,2067
passed,2068
munch,2069
appealed,2070
calm,2071
meghna,2072
gulzar,2073
festivities,2074
outcome,2075
resistant,2076
meters,2077
47,2078
eid-ul-fitr,2079
browser,2080
motorbike,2081
liking,2082
arguments,2083
tough,2084
cubes,2085
humanity,2086
popped,2087
interpretation,2088
opposite,2089
connect,2090
shook,2091
develop,2092
resilience,2093
origin,2094
invester,2095
preferences,2096
specific,2097
terrorism,2098
2006,2099
wayward,2100
mtr,2101
lacklustre,2102
bhupinder,2103
proposed,2104
detect,2105
dyal,2106
row,2107
divides,2108
campus,2109
peel,2110
potatoes,2111
interestingly,2112
numbers,2113
dharna,2114
94,2115
parsing,2116
command,2117
dsp,2118
sharanjit,2119
copy,2120
inbox,2121
shivani,2122
seals,2123
likewise,2124
bedtime,2125
routine,2126
bottling,2127
clarifies,2128
twitter,2129
fines,2130
imposed,2131
fairness,2132
legitimacy,2133
decided,2134
pensioners,2135
elder,2136
biggest,2137
concern,2138
economy,2139
padmaavat,2140
acts,2141
antioxidant,2142
tree,2143
56,2144
matches,2145
gravitational,2146
lensing,2147
judge,2148
query,2149
hrs,2150
continuous,2151
round,2152
door,2153
a-m|arabic,2154
egypt,2155
narendra,2156
toulouse,2157
remained,2158
48mp,2159
sensor,2160
no.6,2161
57,2162
snowfall,2163
mistakes,2164
tartar,2165
moral,2166
standards,2167
poisonous,2168
fatal,2169
archive,2170
subdirectory,2171
indigo,2172
interglobe,2173
aviation,2174
entry,2175
lactating,2176
less,2177
denies,2178
holding,2179
nearby,2180
employment,2181
richest,2182
appear,2183
newly,2184
repaired,2185
bible,2186
shuddered,2187
knowledge,2188
occurred,2189
10.30,2190
sub-,2191
canal,2192
pity,2193
holiday,2194
ending,2195
forth,2196
christian,2197
actions,2198
tribune,2199
entered,2200
homes,2201
age:16,2202
hiding,2203
forefront,2204
sector,2205
florida,2206
rightful,2207
sovereign,2208
packages,2209
downloaded,2210
monks,2211
users,2212
half-operator,2213
privileges,2214
hacked,2215
reduces,2216
risk,2217
dharmaveer,2218
concerned,2219
unhurt,2220
continued,2221
uncertain,2222
bookmark,2223
indoor,2224
pollution,2225
skyrocketing,2226
kneading,2227
dough,2228
lightly,2229
busmen,2230
watching,2231
taller,2232
elephant,2233
christmas,2234
writable,2235
group/other,2236
ideal,2237
diabetic,2238
nrc,2239
pam_tty=,2240
dates,2241
rebooting,2242
resolved,2243
exciting,2244
approves,2245
ratification,2246
agreement,2247
ajay,2248
ptu,2249
404,2250
mbbs,2251
docs,2252
recruited,2253
implemented,2254
sir,2255
smilingly,2256
cool,2257
secured,2258
azhar,2259
142,2260
aspects,2261
airport,2262
shut,2263
pointless,2264
tardy,2265
procurement,2266
worries,2267
inherent,2268
capital,2269
county,2270
asadabad,2271
dries,2272
angry,2273
partly,2274
resignation,2275
ignore,2276
sewerage,2277
move,2278
wisdom,2279
maintaining,2280
emotional,2281
balance,2282
replaced,2283
amenities,2284
rather,2285
julia,2286
donaldson,2287
grouping,2288
sorting,2289
similar,2290
instance,2291
iaf,2292
fanfare,2293
youre,2294
sentenced,2295
stabs,2296
badges,2297
motivates,2298
preach,2299
childhood,2300
memorable,2301
pulses,2302
nirmal,2303
surinder,2304
s.p,2305
adds,2306
flavour,2307
neighbours,2308
gathered,2309
screamed,2310
alert,2311
grueling,2312
forgetting,2313
4-inch,2314
fail,2315
perceive,2316
plywood,2317
industries,2318
writer,2319
amberdeep,2320
ranji,2321
trophy,2322
agriculture,2323
scientist,2324
shiromani,2325
gurdwara,2326
parbandhak,2327
pandemic,2328
blog,2329
external,2330
gimmick,2331
ex-councillor,2332
quick,2333
scope,2334
declaration,2335
courtesy,2336
ndtv,2337
vertical,2338
adjustment,2339
widget,2340
seizes,2341
stomach,2342
churning,2343
geography,2344
rajasthan,2345
cp,2346
generally,2347
yellow,2348
dvc,2349
reviews,2350
pisces,2351
ayurvedic,2352
institution,2353
younger,2354
ruparel,2355
diaries,2356
anantanand,2357
roundels,2358
half,2359
theatre,2360
casualties,2361
farce,2362
whatever,2363
pardhans,2364
soldier,2365
freaks,2366
voter,2367
colleges,2368
pure,2369
fluently,2370
quota,2371
rota,2372
moto,2373
infrastructure,2374
anywhere,2375
contribute,2376
electives,2377
cap,2378
chat,2379
cs,2380
misrepresentation,2381
angelic,2382
numbering,2383
breaking,2384
*,2385
drones,2386
categories,2387
diffused,2388
persuation,2389
sole,2390
badal,2391
lentils,2392
spices,2393
_write,2394
cordial,2395
friendly,2396
strengthen,2397
fathers,2398
pt,2399
speak,2400
obama,2401
ready,2402
face-off,2403
somanth,2404
brahmchari,2405
accessible,2406
mdi,2407
ikhtisad,2408
ahmed,2409
"80,000",2410
personnel,2411
bahadurgarh,2412
sikhs,2413
ghee-,2414
table,2415
admits,2416
tehri,2417
byelection,2418
patiala,2419
probed,2420
supported,2421
recreation,2422
beneficial,2423
s.d,2424
clouds,2425
pray,2426
software,2427
upgrade,2428
observed,2429
quakes,2430
rattle,2431
89,2432
junk,2433
greasy,2434
foods,2435
tofu,2436
soya,2437
bean,2438
curds,2439
breath,2440
reeked,2441
addicted,2442
electronic,2443
subject,2444
devotion,2445
axis,2446
icici,2447
exhibition,2448
ges,2449
nissan,2450
sunny,2451
launched,2452
8.48,2453
harm,2454
goniana,2455
spokesman,2456
sarhandi,2457
gurmit,2458
nepal,2459
proposal,2460
sonu,2461
dull,2462
persisted,2463
embroiderer,2464
nominations,2465
commerce,2466
joshna,2467
quarterfinals,2468
mad,2469
executive,2470
gender,2471
inequality,2472
migrant,2473
criticise,2474
comfortable,2475
reacts,2476
rosie,2477
self-bully,2478
attend,2479
expert,2480
cycle,2481
growth,2482
cyclic,2483
kantaaras,2484
tiatr,2485
stories,2486
rename,2487
vijay,2488
rupani,2489
panchayat,2490
functionaries,2491
strength-in-numbers,2492
pride,2493
prejudice,2494
advocate,2495
guilty,2496
contempt,2497
49,2498
remaining,2499
income,2500
murray,2501
djokovic,2502
qatar,2503
jersey,2504
united,2505
states,2506
fine,2507
animal,2508
posed,2509
500,2510
dances,2511
instalments,2512
concept,2513
hushed,2514
tone,2515
extended,2516
accommodate,2517
heavy,2518
batters,2519
uttarakhand,2520
accuse,2521
cheema,2522
honours,2523
capabilities,2524
slowdown,2525
baghdad/mosul,2526
flags,2527
greet,2528
kirron,2529
arrival,2530
yale,2531
haven,2532
ct,2533
drawbacks,2534
ped,2535
m,2536
worked,2537
one-day,2538
kumari,2539
poster-making,2540
prosperity,2541
discussions,2542
favorable,2543
stir,2544
bored,2545
dutch,2546
dike,2547
policeman,2548
kharar,2549
mla,2550
sidhu,2551
amended,2552
regulations,2553
05.08.2020,2554
pant,2555
throttle,2556
challenge,2557
temperatures,2558
degree,2559
relations,2560
overhydration,2561
drastic,2562
decisions,2563
aggregation,2564
veena,2565
alarming,2566
understatement,2567
navjot,2568
bachhal,2569
ward,2570
convey,2571
efficiency,2572
considerably,2573
conducting,2574
messages,2575
http,2576
cookie,2577
daemon,2578
burman,2579
vice-chairman,2580
dabur,2581
fonts,2582
magnificently,2583
iranian,2584
agency,2585
irna,2586
nagpur,2587
bombay,2588
calendar,2589
jump,2590
rangita,2591
nandy,2592
enforcement,2593
wheres,2594
papa,2595
sentence,2596
wholesome,2597
barricaded,2598
karamjeet,2599
all-india,2600
hijra,2601
friend,2602
mounted,2603
obligations,2604
societys,2605
ambivalence,2606
pornography,2607
spoke,2608
post-traumatic,2609
stress,2610
disorder,2611
ptsd,2612
plotter,2613
harbinger,2614
khalsa,2615
excel,2616
bca,2617
badly,2618
damaged,2619
dal,2620
incorporated,2621
1964,2622
ex-armyman,2623
ioa,2624
rajeev,2625
mehta,2626
heap,2627
garbage,2628
lying,2629
philately,2630
stealing,2631
motorcycle,2632
shelves,2633
updated,2634
annually,2635
artist,2636
twain,2637
cocoa,2638
folder,2639
gaza,2640
shortcut,2641
snippet,2642
gas,2643
ask,2644
joke,2645
attacks,2646
sensation,2647
sale,2648
dpe,2649
kuldeep,2650
g.s,2651
improve,2652
setup,2653
notes,2654
rainfall,2655
respite,2656
solely,2657
smack,2658
arabic,2659
persian,2660
urdu,2661
execution,2662
theory,2663
lubricating,2664
indian-origin,2665
banker,2666
uk,2667
anti-terror,2668
raid,2669
counsel,2670
wicked,2671
achal,2672
joti,2673
mohrrir,2674
danger,2675
weeping,2676
smiling,2677
almeida,2678
versus,2679
revision,2680
interactive,2681
provide,2682
outcomes,2683
feedback,2684
bit,2685
disorienting,2686
cousin,2687
brazil,2688
portuguese,2689
keymap,2690
costly,2691
souls,2692
vishnuvardhan,2693
reddy,2694
member,2695
jem,2696
rains,2697
lash,2698
mail,2699
altogether,2700
45,2701
sudarshan,2702
bajpai,2703
original,2704
census,2705
distorted,2706
traditional,2707
classroom,2708
setting,2709
'love,2710
_remote,2711
forgery,2712
sisters,2713
qt,2714
libraries,2715
circular,2716
interacted,2717
flood-affected,2718
lifted,2719
imparted,2720
established,2721
moved,2722
sealed,2723
nurses,2724
frets,2725
brics,2726
railway,2727
research,2728
theyre,2729
respect,2730
showcase,2731
talent,2732
lakhs,2733
mentioned,2734
opposing,2735
fetch,2736
mantra,2737
transmission,2738
nine-speed,2739
automatic,2740
acquitted,2741
avail,2742
reuse,2743
omnipresence,2744
especially,2745
integrate,2746
floor,2747
programmes,2748
squeeze,2749
notes.reminder,2750
non-scheduled,2751
commercial,2752
flights,2753
arranged,2754
martyr,2755
welfare,2756
association,2757
ldap,2758
legislators,2759
walkout,2760
built,2761
ancient,2762
ruins,2763
dried,2764
articles,2765
feed,2766
care,2767
absconding,2768
retired,2769
jawan,2770
wo,2771
map,2772
drawn,2773
hearers,2774
trader,2775
aliens,2776
korganizer,2777
finance,2778
learnt,2779
accept,2780
roadshow,2781
strokes,2782
item,2783
variations,2784
irregularities,2785
_minutes,2786
becoming,2787
idle,2788
pharmaceuticals,2789
healthcare,2790
talked,2791
connected,2792
1999,2793
neither,2794
temple,2795
mosque,2796
hc,2797
warrant,2798
raids,2799
71,2800
twin,2801
tragic,2802
kohli,2803
slipped,2804
shortage,2805
effort,2806
persists,2807
trafficker,2808
valmikis,2809
tribute,2810
martyrs,2811
pulwama,2812
priyanka,2813
meets,2814
syrian,2815
jordan,2816
votes,2817
restart,2818
deterrent,2819
documentary,2820
american,2821
'll,2822
escalate,2823
communicable,2824
complexion,2825
cities,2826
administrative,2827
longyearbyen,2828
10-month-old,2829
kidnapped,2830
desperate,2831
upset,2832
subsequently,2833
sustain,2834
'notorious,2835
diya-making,2836
withdrawal,2837
invest,2838
threat,2839
assist,2840
swindling,2841
notch,2842
mukherjee,2843
requires,2844
halsbury,2845
material,2846
turbaned,2847
driving,2848
placed,2849
mlas,2850
robins,2851
katsina,2852
undergo,2853
surgery,2854
festivals,2855
access,2856
bruised,2857
rake,2858
bosom,2859
purchase/construction,2860
residential,2861
syria,2862
echoes,2863
san,2864
ignacio,2865
de,2866
velasco,2867
via-,2868
raghopur,2869
bombings,2870
kill,2871
37,2872
zee,2873
theft,2874
swiftly,2875
mothers,2876
belly,2877
fat,2878
ride,2879
bicycle,2880
kudos,2881
radio,2882
deteriorating,2883
bigger,2884
mockery,2885
agreed,2886
helps,2887
piercing,2888
fog,2889
narang,2890
bronze,2891
proof,2892
ram,2893
rahims,2894
parole,2895
withdrawn,2896
navdeep,2897
ultimately,2898
zechariah,2899
shallum,2900
menahem,2901
distressed,2902
viewer,2903
screening,2904
judgement,2905
cloud,2906
capt,2907
amarinder,2908
endosulfan,2909
collect,2910
chari,2911
ashamed,2912
i.k,2913
center,2914
beds,2915
brigade,2916
pollutants,2917
luck,2918
beside,2919
point,2920
impediment,2921
125,2922
banana,2923
pmc,2924
splendid,2925
solved,2926
languages,2927
recruitment,2928
understandable,2929
america,2930
investigates,2931
figures,2932
bother,2933
defamation,2934
digvijay,2935
school-level,2936
drawing,2937
26-year-old,2938
alleges,2939
torture,2940
exhilarating,2941
toy,2942
vacated,2943
hoax,2944
picked,2945
fertility,2946
questioned,2947
tech,2948
disarray,2949
unanswered,2950
defer,2951
two-day,2952
governor,2953
meanwhile,2954
c.s,2955
st,2956
johns,2957
rounded,2958
rang,2959
winners,2960
litres,2961
drains,2962
hey,2963
loving,2964
cms,2965
fund,2966
'impeached,2967
unemployment,2968
margins,2969
rock,2970
indefinite,2971
assyrians,2972
race,2973
splendidly,2974
bearded,2975
revival,2976
divulged,2977
militants,2978
kreeri,2979
gunfight,2980
wherever,2981
destruction,2982
discharged,2983
groups,2984
someone,2985
2011,2986
broadband,2987
d,2988
passover,2989
33,2990
c.e,2991
outstanding,2992
southwestwards,2993
cabinet,2994
decisions-chronological,2995
27.05.2014,2996
chocolate,2997
loved,2998
magic,2999
extending,3000
forgiveness,3001
thoughts,3002
enjoys,3003
sharing,3004
abstain,3005
upto,3006
rs.450/-,3007
junior/sub-junior,3008
sportspersons,3009
practicality,3010
consume,3011
ginger,3012
theocratic,3013
gotten,3014
sooner,3015
negate,3016
dalit,3017
urmila,3018
matondkar,3019
ft.,3020
concerns,3021
plugged,3022
apologised,3023
winning,3024
mumbais,3025
yummy,3026
substitutes,3027
whipped,3028
topping,3029
january-february,3030
resentment,3031
'them,3032
boosting,3033
brimming,3034
tears,3035
tariff,3036
2.74,3037
pc,3038
excessively,3039
pink,3040
non-committal,3041
rank,3042
karishma,3043
tanna,3044
entity,3045
1296,3046
deaths,3047
yesterday,3048
aboard,3049
vigil,3050
districts,3051
eminent,3052
personalities,3053
freedom,3054
2016,3055
fails,3056
akiv,3057
farah,3058
choreographed,3059
division,3060
football,3061
aerosols,3062
anthropogenic,3063
insurance,3064
activists,3065
unsupported,3066
platform,3067
higher,3068
omen,3069
weve,3070
impotent,3071
imagine,3072
representation,3073
hon'ble,3074
aperture,3075
focal,3076
length,3077
chaired,3078
postal,3079
extra,3080
storage,3081
space,3082
owing,3083
1/4,3084
grated,3085
cheddar,3086
kashmiri,3087
targeted,3088
assign,3089
tags,3090
selected,3091
olive,3092
chandrayaan-2,3093
23000,3094
hriday,3095
jodhpur,3096
asaram,3097
bapu,3098
bail,3099
rana,3100
ayyub,3101
port,3102
maximum,3103
39,3104
finally,3105
schoolgirls,3106
1st,3107
innings,3108
333,3109
complains,3110
sec,3111
shared,3112
content,3113
emotions,3114
handler,3115
aim,3116
urls,3117
fewer,3118
hosts,3119
euro,3120
battle,3121
fired,3122
narrative,3123
rss,3124
faceoff,3125
lynched,3126
culprit,3127
standalone,3128
signature,3129
rituals,3130
fulfill,3131
promise,3132
rubbed,3133
mislead,3134
spreading,3135
rumours,3136
honouring,3137
meritorious,3138
wholl,3139
already,3140
yielded,3141
examination,3142
conducted,3143
nss,3144
riders,3145
distraught,3146
subash,3147
sh,3148
partner,3149
companionship,3150
cite,3151
example,3152
tricky,3153
schoolgirl,3154
gears,3155
plying,3156
_open,3157
backup,3158
autosave,3159
interval,3160
languishes,3161
"26,614,000",3162
proteins,3163
protesting,3164
floods,3165
bsc,3166
inducted,3167
lost,3168
experiencing,3169
motorcycles,3170
hence,3171
ties,3172
track,3173
unregistering,3174
dares,3175
virbhadra,3176
broadcasting,3177
charkhi,3178
dadri,3179
anthem,3180
chances,3181
foundations,3182
verge,3183
cracking,3184
jnu,3185
cannabis,3186
protesters,3187
outshine,3188
icse,3189
paper,3190
millionaires,3191
eating,3192
tilkut,3193
honor,3194
bullet,3195
clearly,3196
gallon,3197
gallons,3198
gal,3199
bro,3200
inexpensive,3201
fir,3202
yuvraj,3203
brown,3204
dysfunction,3205
sight,3206
safeguard,3207
nest,3208
eggs,3209
businessman,3210
arjun,3211
kapoor,3212
parineeti,3213
habits,3214
elephants,3215
largest,3216
terrestrial,3217
animals,3218
raj,3219
accuses,3220
misbehaviour,3221
totally,3222
cddb,3223
sip,3224
relevance,3225
kind,3226
technological,3227
surfaced,3228
grace,3229
contains,3230
grumble,3231
myself,3232
manvendra,3233
saint,3234
augustine,3235
materials,3236
14-day,3237
jaggu,3238
participate,3239
contests,3240
located,3241
maharashtra-chhattisgarh,3242
particular,3243
hussain,3244
_reverse,3245
perform,3246
roles,3247
maintain,3248
refreshments,3249
served,3250
narrated,3251
babla,3252
demands,3253
well-informed,3254
electorate,3255
sketch,3256
score,3257
187/1,3258
overs,3259
majorly,3260
mountainous,3261
region,3262
decline,3263
returned,3264
switched,3265
referred,3266
10-year-old,3267
shell,3268
situations,3269
least,3270
municipal,3271
corporation,3272
cast,3273
parkash,3274
gaiety,3275
youll,3276
glad,3277
swami,3278
vivekananda,3279
comment,3280
nda,3281
split,3282
prez,3283
nominee,3284
monopoly,3285
pig,3286
gobble,3287
turmoil,3288
convention,3289
turn,3290
jaipur,3291
ashton,3292
turner,3293
mourns,3294
demise,3295
satguru,3296
jagjit,3297
incredible,3298
ipp,3299
redmi,3300
pro,3301
scared,3302
mindset,3303
tempted,3304
extravagant,3305
bedroom,3306
telecom,3307
viewpoint,3308
emergency,3309
landing,3310
tusk,3311
applauded,3312
intoxicants,3313
foundation,3314
resurrection,3315
bachelor,3316
arts,3317
b.a,3318
restored,3319
srinagar-jammu,3320
awarded,3321
achievements,3322
beaches,3323
lunar,3324
eclipse,3325
consequences,3326
sort,3327
export,3328
zooomr,3329
security/stability,3330
alabama,3331
mapping,3332
opening,3333
trials,3334
64,3335
tradition,3336
aspect,3337
importance,3338
brokaw,3339
advanced,3340
manufacturing,3341
endeavor,3342
accreditation,3343
orleans,3344
flood,3345
operational,3346
india-pakistan,3347
faithful,3348
kerala,3349
coping,3350
years,3351
cooperation,3352
user,3353
id,3354
chest,3355
check-up,3356
surface,3357
3-day,3358
dist-level,3359
kicks,3360
paragraph,3361
lucio,3362
confessed,3363
poppy,3364
husk,3365
shouldnt,3366
carried,3367
spared,3368
weakness,3369
aches,3370
muscles,3371
excellence,3372
subjeet,3373
vishavkarma,3374
closed,3375
purpose,3376
previously,3377
habit,3378
shahabuddin,3379
walks,3380
yrs,3381
career,3382
unintentionally,3383
leds,3384
emitted,3385
ubuntu,3386
unity,3387
1991,3388
inmates,3389
6-7,3390
reps,3391
wireless,3392
dengue,3393
ravi,3394
shastri,3395
retained,3396
coach,3397
guide,3398
ashok,3399
bhushan,3400
300,3401
camps,3402
opened,3403
birds,3404
route,3405
community,3406
appeals,3407
faced,3408
highs,3409
lows,3410
blacklists,3411
smiles,3412
forms,3413
goodies,3414
define,3415
slight,3416
wockhardt,3417
jatinder,3418
aulakh,3419
dreadful,3420
feeling,3421
practices,3422
farming,3423
growing,3424
exceptions,3425
anyones,3426
exchange,3427
conversely,3428
stature,3429
rising,3430
holland,3431
2-3,3432
vanity,3433
....,3434
effectively,3435
meditated,3436
greatest,3437
susceptible,3438
shimla,3439
receives,3440
snow,3441
variants,3442
consistency,3443
appreciated,3444
kajal,3445
@,3446
aptly,3447
careful,3448
kinds,3449
sbi,3450
warning,3451
adjourned,3452
debate,3453
raising,3454
sons,3455
nerds,3456
russias,3457
sung,3458
vishal,3459
mishra,3460
roshan,3461
slams,3462
bcci,3463
intriguing,3464
funny,3465
fully,3466
sc/st/ex-servicemen/women,3467
fee,3468
slabs,3469
stages,3470
migrants,3471
investment,3472
asian,3473
sujeeth,3474
raja,3475
catches,3476
75,3477
waking,3478
able,3479
safely,3480
soul,3481
overlook,3482
traced,3483
excerpts,3484
baoo,3485
dalhousie,3486
'good,3487
via,3488
tweet,3489
ani,3490
merci,3491
beaucoup,3492
female,3493
leading,3494
passers-by,3495
cbcid,3496
launches,3497
120,3498
osaka,3499
gout,3500
forgive,3501
granted,3502
betrayed,3503
u,3504
quit,3505
digest,3506
checker,3507
stumbling,3508
block,3509
climbs,3510
116,3511
donated,3512
beyond,3513
sonia,3514
solidarity,3515
benefitted,3516
greatly,3517
unworthy,3518
dialogue,3519
stupefied,3520
reckless,3521
counterattack,3522
representatives,3523
addressed,3524
gathering,3525
treating,3526
allergies,3527
closely,3528
without,3529
singer-actor,3530
miley,3531
cyrus,3532
highlights,3533
vise,3534
settled,3535
departure,3536
remand,3537
appearance,3538
sleek,3539
elegant,3540
reap,3541
painful,3542
mp,3543
resented,3544
collapses,3545
lend,3546
participants,3547
lineman,3548
bribe,3549
grievances,3550
above,3551
vision,3552
presence,3553
avert,3554
disaster,3555
depend,3556
instances,3557
grid,3558
reach,3559
defers,3560
mallyas,3561
holy,3562
shrines,3563
count,3564
delightful,3565
appeal,3566
production,3567
beijing,3568
blinking,3569
rubbing,3570
blast,3571
bangalore,3572
grab,3573
combination,3574
mansoor,3575
pataudi,3576
taliban,3577
remanded,3578
attention,3579
assistance,3580
badminton,3581
shoulder,3582
38,3583
bikram,3584
majithia,3585
hillary,3586
clinton,3587
avinash,3588
early,3589
amy,3590
george,3591
5-marla,3592
plots,3593
landless,3594
cowards,3595
yavatmal,3596
amongst,3597
cops,3598
extortion,3599
walk,3600
plant,3601
asi,3602
tipper,3603
expensive,3604
nobu,3605
listens,3606
sacred,3607
print,3608
number-,3609
ulan,3610
ude,3611
twice,3612
vast,3613
episodes,3614
unopposed,3615
touching,3616
moments,3617
petitioner,3618
definitely,3619
pitch,3620
whys,3621
pays,3622
tributes,3623
shane,3624
vice-president,3625
buyers,3626
youngest,3627
petition,3628
filed,3629
declared,3630
gutted,3631
stabbed,3632
2012,3633
khairair,3634
preserved,3635
mortuary,3636
week,3637
commands,3638
examined,3639
hotel,3640
bhagat,3641
namdev,3642
trends,3643
2018,3644
uttar,3645
secure,3646
media/entertainment,3647
soviet,3648
ammunition,3649
phases,3650
june-july,3651
550th,3652
prakash,3653
himachal,3654
earning,3655
unsecured,3656
fond,3657
cleaning,3658
yellows,3659
superior,3660
inclement,3661
dashes,3662
hopes,3663
wheat,3664
yield,3665
founders,3666
tulas,3667
traumatised,3668
profitable,3669
deals,3670
indicators,3671
bustle,3672
stone,3673
ltd.,3674
girish,3675
sea,3676
relieved,3677
correct,3678
testing,3679
achieve,3680
dish,3681
pruning,3682
donate,3683
slog,3684
scale,3685
bar,3686
nice,3687
spend,3688
decimated,3689
dmrc,3690
situated,3691
chennai-bengaluru,3692
industrial,3693
corridor,3694
cbic,3695
chains,3696
cages,3697
km,3698
_begin,3699
pleasant,3700
encouraging,3701
teams,3702
brilliantly,3703
2009,3704
shes,3705
constant,3706
supervision,3707
standing,3708
scooterist,3709
unusual,3710
neelakantan,3711
plans,3712
wheels,3713
hear,3714
unfortunately,3715
uncommon,3716
f.a,3717
25,3718
rocks,3719
southern,3720
philippines,3721
encryption,3722
aircraft,3723
143,3724
pandey,3725
integrated,3726
guarantees/irrevocable,3727
letters,3728
alerted,3729
mean,3730
irc,3731
jobless,3732
flay,3733
brainchild,3734
guru,3735
nanak,3736
condemn,3737
jinny,3738
oven,3739
roasted,3740
potato,3741
recepie,3742
andreessens,3743
comments,3744
upsetting,3745
zuckerberg,3746
trbune,3747
now,3748
1001,3749
_,3750
email,3751
translators,3752
emails,3753
absconded,3754
initial,3755
subramanian,3756
swamy,3757
caught,3758
handed,3759
prophecy,3760
contrary,3761
egalitarian,3762
values,3763
taxis,3764
hormones,3765
tendering,3766
quickly,3767
weeded,3768
household,3769
kolis,3770
karakat,3771
nationalism,3772
fake,3773
issued,3774
hartek,3775
commissions,3776
40-mw,3777
substation,3778
harms,3779
wont,3780
disk,3781
confidential,3782
offer,3783
resign,3784
removed,3785
babu,3786
jagjivan,3787
ram-jis,3788
saying,3789
saudi,3790
arabia,3791
sensex,3792
suffers,3793
losses,3794
rupee,3795
invader,3796
highways,3797
sprayed,3798
offices,3799
telangana,3800
statehood,3801
1995,3802
verbally,3803
cutting-corners,3804
asks,3805
convict,3806
duty,3807
unorganised,3808
sectors,3809
notify,3810
alex,3811
quinonez,3812
ecuador,3813
usage,3814
sweets,3815
groundnuts,3816
smiled,3817
legendary,3818
selfish,3819
embarrassing,3820
ls,3821
figure,3822
feelings,3823
investigate,3824
banks,3825
observe,3826
tackle,3827
kejriwal,3828
password,3829
northwest,3830
rawalpindi,3831
effigies,3832
joyden,3833
fernandes,3834
dr.,3835
quietest,3836
farm,3837
laws,3838
belied,3839
physically,3840
drained,3841
arrives,3842
zimbabwe,3843
series,3844
quiz,3845
urton,3846
j,3847
collaborators,3848
ashish,3849
sahijpreet,3850
pu,3851
hide,3852
trace,3853
celebrating,3854
insufficient,3855
realistic,3856
font,3857
printing,3858
definition,3859
seeing,3860
tweeted,3861
ranked,3862
interested,3863
apology,3864
hundreds,3865
overall,3866
somewhere,3867
consumer,3868
confidence,3869
ration,3870
card,3871
removes,3872
malaysia,3873
intercepts,3874
boat,3875
rohingya,3876
thrash,3877
exhaustive,3878
fortunately,3879
survived,3880
medium,3881
tomatoes,3882
finely,3883
chopped,3884
cm,3885
renews,3886
dg,3887
p,3888
transfers,3889
hcs,3890
sanjeev,3891
sharma/hindustan,3892
releasing,3893
empty,3894
field,3895
lok,3896
sabha,3897
passes,3898
trai,3899
statistics,3900
grim,3901
flushing,3902
reunited,3903
objected,3904
deemed,3905
graphical,3906
smileys,3907
supporting,3908
ostracised,3909
courted,3910
sank,3911
bed,3912
broods,3913
applying,3914
ashutosh,3915
quits,3916
aam,3917
aadmi,3918
acclaim,3919
plane,3920
california,3921
licensing,3922
encroachment,3923
real,3924
proven,3925
deadly,3926
salman,3927
outfits,3928
surrounding,3929
clearer,3930
fresher,3931
manisha,3932
koirala,3933
harsh,3934
disgrace,3935
believed,3936
drunkards,3937
license,3938
tuskers,3939
laxmaiah,3940
rajendra,3941
prasad,3942
enjoying,3943
journey,3944
kde,3945
installer,3946
fatf,3947
grey,3948
mohali,3949
stf,3950
sleuths,3951
peddler,3952
ndps,3953
institute,3954
technology,3955
madras,3956
chennai,3957
8th,3958
tail,3959
portions,3960
caption,3961
supplementary,3962
area-a,3963
fore,3964
despicable,3965
mc,3966
rejoice,3967
salaries,3968
sohrai,3969
samba,3970
rescan,3971
prefix,3972
line,3973
hanging,3974
sets,3975
sights,3976
civic,3977
oh,3978
gleeful,3979
elaborate,3980
mohan,3981
bedi,3982
monitor,3983
encounter,3984
killings,3985
liberalism,3986
creed,3987
drain,3988
forest,3989
seduced,3990
differences,3991
advice,3992
minds,3993
jalandhar/chandigarh,3994
13,3995
hat-trick,3996
precious,3997
inheritance,3998
cbse,3999
datesheet,4000
motor,4001
cyclist,4002
chart,4003
2010,4004
emphatic,4005
vend,4006
ambala,4007
litre,4008
spent,4009
happily,4010
beast,4011
329,4012
exhibits,4013
marble,4014
announcement,4015
epidemic,4016
plugins,4017
demand,4018
clashes,4019
reportedly,4020
drunk,4021
ropar,4022
3rd,4023
24-28,4024
d/n,4025
ahmedabad,4026
celebration,4027
forget,4028
wouldnt,4029
handle,4030
idiot,4031
images,4032
stills,4033
constructions,4034
momnesia,4035
canceled,4036
laughing,4037
nawaz,4038
shariff,4039
vacates,4040
residence,4041
encrypt,4042
tenders,4043
preserve,4044
witness,4045
praises,4046
resolve,4047
booing,4048
hail,4049
occur,4050
fooled,4051
lemming,4052
optional,4053
wonder,4054
bonding,4055
bowler,4056
giving,4057
info,4058
relax,4059
enjoyed,4060
rich,4061
vitamins,4062
minerals,4063
2008,4064
study,4065
rangers,4066
unrecognised,4067
wep,4068
photographs,4069
drawings,4070
peas,4071
frozen-thawed,4072
caledonia,4073
k3b,4074
studies,4075
sedition,4076
anti-govt,4077
method,4078
awaited,4079
places,4080
daap,4081
p.,4082
jindal,4083
affairs,4084
strikes,4085
offers,4086
availability,4087
rath,4088
puma,4089
roamed,4090
streets,4091
santiago,4092
chile,4093
removal,4094
suspension,4095
tb,4096
curable,4097
disease,4098
bollywood,4099
humans,4100
refused,4101
anushka,4102
phillauri,4103
sure,4104
push,4105
pregnancy,4106
p.k,4107
bhaduri,4108
achieved,4109
thus,4110
hampton,4111
waiver,4112
loan,4113
busted,4114
permit,4115
criminal,4116
manhandle,4117
protestor,4118
gleaming,4119
pdma,4120
500-gm,4121
opium,4122
stooge,4123
mughal,4124
poverty,4125
hails,4126
madhya,4127
prize,4128
distribution,4129
dinesh,4130
lifes,4131
wooden,4132
furniture,4133
poles,4134
fallen,4135
vehicles,4136
openly,4137
delay,4138
tempered,4139
lowly,4140
truly,4141
speaks,4142
deve,4143
gowda,4144
dropped,4145
teenager,4146
gb,4147
105-key,4148
sas,4149
lynx,4150
srinivasa,4151
builders,4152
caveats,4153
guard,4154
deception,4155
operations,4156
calamity,4157
loud,4158
noises,4159
neglect,4160
mary,4161
kom,4162
qualifies,4163
olympics,4164
eliminates,4165
laxity,4166
fair,4167
notification,4168
'it,4169
unfortunate,4170
lifeij,4171
95,4172
yourselves,4173
besides,4174
excellent,4175
mosquito,4176
repellent,4177
sits,4178
opinion,4179
arrests,4180
yasin,4181
malik,4182
loves,4183
diverting,4184
defend,4185
35a,4186
370,4187
correction,4188
factor,4189
arent,4190
blew,4191
noida,4192
angela,4193
merkel,4194
german,4195
term,4196
zonal,4197
manager,4198
equipment,4199
probably,4200
china-australia,4201
feud,4202
turning,4203
fractures,4204
karan,4205
projects,4206
blamed,4207
divulge,4208
jodhpurs,4209
radha,4210
bheel,4211
basti,4212
gomti,4213
earlier,4214
tribal,4215
owaisi,4216
remarks,4217
stranded,4218
cache,4219
mint,4220
muhammad,4221
butterflies,4222
climb,4223
miss,4224
r,4225
sunil,4226
ranks,4227
gurudwara,4228
management,4229
activist,4230
90,4231
coconut,4232
centres,4233
normal,4234
beat,4235
destabilise,4236
spreads,4237
seemed,4238
woes,4239
adopt,4240
dancers,4241
athletes,4242
900,4243
crores,4244
yall,4245
unknown,4246
thick,4247
thin,4248
mandatory,4249
steel,4250
walls,4251
iron,4252
fortresses,4253
flowering,4254
legs,4255
broken,4256
permethrin,4257
pyrethroid,4258
medications,4259
meal,4260
call,4261
hunger,4262
morality,4263
dav,4264
feeding,4265
breast,4266
infant,4267
doors,4268
avian,4269
flu,4270
unite,4271
harish,4272
destiny,4273
deepika,4274
padukone,4275
padmavati,4276
khap,4277
panchayats,4278
sanctity,4279
thousand,4280
lurch,4281
upturned,4282
entering,4283
illegally,4284
sore,4285
roads,4286
meaning,4287
translator-credits,4288
pillar,4289
ounces,4290
tons,4291
xmas,4292
greetings,4293
drivers,4294
discipline,4295
met,4296
taurus,4297
expression,4298
matching,4299
tremors,4300
gagan,4301
pandit,4302
mainland,4303
widely,4304
swap,4305
cognisance,4306
journalist,4307
ideology,4308
offences,4309
whispered,4310
escapes,4311
drizzle,4312
vinegar,4313
enormously,4314
dignity,4315
guarantee,4316
sorry,4317
boosts,4318
babys,4319
immune,4320
toppers,4321
input,4322
terra,4323
cotta,4324
wealth,4325
monika,4326
khanna,4327
triggered,4328
massive,4329
bombing,4330
kabul,4331
jammu-pathankot,4332
attacker,4333
anil,4334
eventually,4335
rest,4336
4000mah,4337
literary,4338
everyday,4339
lynching,4340
pirates,4341
caribbean,4342
redemption,4343
targets,4344
computers,4345
cooperative,4346
ping,4347
irne,4348
hof,4349
laurenceau,4350
complexions,4351
'women,4352
dare,4353
sergei,4354
ivanovpresident,4355
alrosa,4356
consequently,4357
dismissed,4358
galgotias,4359
tourism,4360
controls,4361
libra,4362
formats,4363
scary,4364
largesse,4365
arnab,4366
ahead,4367
canonical,4368
updates,4369
appname,4370
support_end_month_str,4371
support_end_year,4372
amitabh,4373
bachchan,4374
flying,4375
asthma,4376
cape,4377
town,4378
africa,4379
com,4380
fairly,4381
abraham,4382
youve,4383
thalot,4384
uproar,4385
matt,4386
34,4387
surge,4388
4gb+128gb,4389
cny,4390
999,4391
"10,500",4392
exercising,4393
panel,4394
failure,4395
lukewarm,4396
pat,4397
displaced,4398
delegation,4399
elusive,4400
coriander,4401
seeds,4402
chris,4403
christie,4404
surprising,4405
cook,4406
deep,4407
cctv,4408
understood,4409
mansi,4410
dua,4411
theater,4412
essential,4413
commodity,4414
circle,4415
democrats,4416
oppose,4417
diagrams,4418
congresss,4419
conceal,4420
auto,4421
instagram/,4422
zermatt,4423
matterhorn,4424
turkey,4425
economies,4426
plants,4427
returns,4428
faults,4429
jailed,4430
peeping,4431
ladies,4432
washroom,4433
mama,4434
mia,4435
position,4436
acquire,4437
muddy,4438
injury,4439
forehead,4440
geetha,4441
johri,4442
gujarats,4443
in-charge,4444
dgp,4445
ransacked,4446
pie,4447
cooking,4448
jun,4449
crying,4450
fouls,4451
gobindgarh,4452
saurashtra,4453
tournament,4454
snapped,4455
answering,4456
piles,4457
1/3,4458
ips,4459
anand,4460
mani,4461
majra,4462
punishments,4463
parallel,4464
seduce,4465
taste,4466
UNK,0
PAD,1
BOS,2
EOS,3
.,4
the,5
s,6
,7
is,8
a,9
in,10
",",11
to,12
?,13
of,14
this,15
it,16
be,17
and,18
ed,19
was,20
ing,21
are,22
for,23
he,24
:,25
on,26
what,27
will,28
i,29
you,30
d,31
that,32
has,33
not,34
were,35
there,36
have,37
-,38
en,39
with,40
e,41
police,42
they,43
no,44
ly,45
but,46
al,47
y,48
!,49
do,50
',51
we,52
s,53
t,54
two,55
at,56
all,57
from,58
),59
t,60
your,61
also,62
as,63
c,64
people,65
er,66
by,67
(,68
so,69
very,70
why,71
one,72
can,73
about,74
how,75
a,76
ir,77
them,78
its,79
an,80
...,81
c,82
his,83
i,84
accused,85
work,86
injured,87
arrested,88
against,89
case,90
india,91
n,92
good,93
out,94
my,95
killed,96
she,97
students,98
p,99
more,100
accident,101
said,102
new,103
too,104
day,105
k,106
"""""""",107
get,108
dont,109
did,110
g,111
had,112
who,113
b,114
man,115
government,116
punjab,117
should,118
/,119
school,120
after,121
road,122
r,123
singh,124
being,125
world,126
where,127
held,128
here,129
nt,130
1,131
un,132
f,133
go,134
first,135
b,136
protest,137
o,138
dr,139
es,140
three,141
-,142
both,143
him,144
court,145
then,146
up,147
other,148
congress,149
does,150
these,151
dies,152
many,153
family,154
".""",155
d,156
m,157
delhi,158
m,159
driver,160
o,161
me,162
life,163
3,164
indian,165
water,166
time,167
into,168
children,169
l,170
in,171
state,172
know,173
re,174
however,175
hospital,176
our,177
ic,178
ion,179
2,180
much,181
f,182
g,183
%,184
food,185
ation,186
god,187
an,188
need,189
bjp,190
whats,191
film,192
some,193
pakistan,194
&,195
women,196
youth,197
present,198
harma,199
farmers,200
programme,201
am,202
per,203
like,204
news,205
l,206
us,207
such,208
or,209
celebrated,210
child,211
st,212
happened,213
different,214
only,215
h,216
make,217
rs,218
incident,219
j,220
got,221
car,222
over,223
want,224
health,225
anything,226
ive,227
p,228
look,229
later,230
nothing,231
_,232
use,233
"""""""",234
treatment,235
meeting,236
',237
or,238
u,239
de,240
ju,241
murder,242
workers,243
stage,244
minister,245
well,246
e,247
occasion,248
under,249
matter,250
off,251
change,252
mishap,253
would,254
her,255
bus,256
girl,257
"""",258
among,259
going,260
ma,261
registered,262
dur,263
ur,264
home,265
re,266
le,267
ok,268
quit,269
taken,270
ra,271
4,272
began,273
attack,274
could,275
let,276
lot,277
h,278
10,279
cases,280
reported,281
information,282
house,283
high,284
modi,285
issue,286
on,287
say,288
1,289
ers,290
died,291
informed,292
may,293
investigation,294
able,295
love,296
hold,297
ies,298
problem,299
ra,300
media,301
teachers,302
r,303
yes,304
w,305
ted,306
our,307
ch,308
doctor,309
sugar,310
ia,311
went,312
ap,313
20,314
anyone,315
soon,316
ary,317
us,318
action,319
give,320
it,321
hit,322
woman,323
done,324
just,325
number,326
ous,327
w,328
death,329
which,330
la,331
right,332
not,333
open,334
happy,335
ul,336
try,337
add,338
and,339
answer,340
khan,341
pe,342
best,343
book,344
see,345
kashmir,346
bank,347
movie,348
sever,349
st,350
back,351
body,352
show,353
seized,354
traffic,355
el,356
must,357
id,358
serious,359
president,360
list,361
chief,362
k,363
ar,364
cause,365
rally,366
govt,367
still,368
mobile,369
15,370
act,371
dead,372
te,373
suicide,374
ud,375
heart,376
cup,377
made,378
help,379
start,380
include,381
full,382
key,383
take,384
think,385
lways,386
principal,387
am,388
found,389
isnt,390
up,391
daughter,392
process,393
ish,394
current,395
remain,396
questions,397
june,398
support,399
dis,400
easy,401
ble,402
50,403
name,404
device,405
type,406
times,407
price,408
as,409
talk,410
se,411
officers,412
party,413
place,414
u,415
university,416
become,417
son,418
body,419
than,420
event,421
om,422
centr,423
large,424
hose,425
identified,426
immediately,427
face,428
5,429
ent,430
read,431
most,432
city,433
ll,434
na,435
really,436
eyes,437
200,438
liquor,439
the,440
situation,441
fled,442
committee,443
th,444
increase,445
another,446
important,447
ne,448
come,449
ment,450
thing,451
mind,452
works,453
seem,454
ctober,455
garh,456
great,457
benefit,458
v,459
x,460
lick,461
rump,462
question,463
father,464
ak,465
speaking,466
begin,467
ad,468
ting,469
every,470
entire,471
five,472
cash,473
when,474
college,475
team,476
100,477
14,478
keep,479
lord,480
district,481
money,482
clean,483
strong,484
date,485
oil,486
away,487
injuries,488
seminar,489
never,490
lakh,491
national,492
n,493
jail,494
pr,495
men,496
same,497
true,498
diseases,499
lead,500
required,501
ant,502
enter,503
commit,504
effect,505
friends,506
.,507
religious,508
far,509
free,510
operation,511
camp,512
suffer,513
win,514
soci,515
chandigarh,516
pur,517
im,518
stolen,519
fire,520
6,521
employees,522
y,523
colour,524
ce,525
needs,526
man,527
everyone,528
cost,529
mother,530
photo,531
sh,532
image,533
season,534
pper,535
shot,536
power,537
poor,538
way,539
known,540
second,541
march,542
regard,543
gms,544
given,545
election,546
ember,547
27,548
escape,549
play,550
options,551
run,552
out,553
feel,554
gold,555
find,556
direct,557
pi,558
prim,559
write,560
left,561
pm,562
clear,563
men,564
army,565
test,566
wash,567
dangerous,568
society,569
truck,570
vehicle,571
patients,572
results,573
drug,574
est,575
sahib,576
major,577
control,578
hap,579
next,580
china,581
crore,582
ful,583
ivate,584
pan,585
actor,586
living,587
called,588
area,589
fall,590
6,591
celebrate,592
suprem,593
author,594
ub,595
hope,596
staff,597
[,598
cit,599
],600
human,601
rights,602
choose,603
z,604
night,605
file,606
possible,607
participated,608
error,609
milk,610
each,611
long,612
asked,613
sub,614
talks,615
end,616
development,617
fl,618
understand,619
light,620
eat,621
all,622
set,623
pro,624
labourer,625
fruits,626
ial,627
sc,628
near,629
sp,630
ical,631
probe,632
special,633
mr,634
boy,635
ie,636
came,637
lodg,638
economic,639
check,640
scene,641
v,642
history,643
strike,644
ma,645
video,646
underway,647
custody,648
politics,649
along,650
son,651
application,652
reality,653
recovered,654
mp,655
sp,656
twee,657
raj,658
sept,659
rush,660
total,661
ol,662
married,663
due,664
part,665
camera,666
seen,667
thank,668
director,669
village,670
immediate,671
hard,672
create,673
award,674
ri,675
rise,676
leaders,677
meet,678
4,679
26,680
union,681
select,682
ways,683
raised,684
nd,685
report,686
positive,687
repeat,688
rs,689
wrong,690
following,691
11,692
spot,693
problems,694
is,695
print,696
war,697
old,698
even,699
worth,700
mu,701
7,702
ran,703
once,704
jo,705
ter,706
actress,707
everything,708
young,709
yourself,710
art,711
things,712
symptoms,713
ions,714
documents,715
ept,716
interesting,717
bad,718
land,719
ge,720
crash,721
dec,722
illegal,723
turn,724
says,725
won,726
12,727
accord,728
down,729
hurt,730
science,731
service,732
couple,733
continue,734
last,735
general,736
tsp,737
system,738
reasons,739
par,740
fact,741
before,742
ever,743
fresh,744
happen,745
singer,746
residents,747
condition,748
sh,749
ity,750
local,751
song,752
jud,753
icial,754
passengers,755
together,756
drink,757
group,758
die,759
40,760
slogan,761
page,762
efault,763
value,764
education,765
less,766
success,767
active,768
release,769
match,770
words,771
brothers,772
vegetables,773
little,774
ex,775
speak,776
business,777
none,778
schools,779
di,780
while,781
services,782
appointed,783
deal,784
ti,785
issues,786
ate,787
own,788
shop,789
pay,790
kumar,791
competition,792
vari,793
student,794
public,795
function,796
fo,797
ian,798
der,799
started,800
hi,801
ve,802
pp,803
et,804
phone,805
creat,806
gu,807
setting,808
tra,809
main,810
any,811
travel,812
anuary,813
z,814
south,815
record,816
fourth,817
ash,818
jag,819
girls,820
8,821
stay,822
flu,823
19,824
post,825
cop,826
jalandhar,827
wife,828
online,829
ferv,830
yet,831
ible,832
fun,833
activity,834
ah,835
sleep,836
decision,837
tb,838
hands,839
admitt,840
happens,841
one,842
ry,843
bodies,844
examples,845
choice,846
consider,847
per,848
through,849
lot,850
answers,851
kg,852
heroin,853
runs,854
onion,855
upta,856
remember,857
message,858
tak,859
self,860
youths,861
23,862
pril,863
discussion,864
note,865
comes,866
minor,867
raped,868
ster,869
ious,870
circumstances,871
network,872
send,873
aharashtra,874
former,875
leader,876
mritsar,877
background,878
oo,879
don,880
anti,881
lal,882
um,883
result,884
memor,885
wear,886
birth,887
anniversary,888
vice,889
hancellor,890
thinking,891
9,892
ow,893
guest,894
sri,895
ts,896
contain,897
leave,898
something,899
ward,900
officials,901
holes,902
carry,903
ile,904
crime,905
poison,906
step,907
quiet,908
sound,909
final,910
accidents,911
relationship,912
vember,913
days,914
credit,915
3,916
8,917
im,918
earth,919
feature,920
favourite,921
ch,922
fine,923
attend,924
press,925
protests,926
commissioner,927
|,928
committ,929
country,930
few,931
edit,932
jammu,933
robbery,934
small,935
announced,936
movement,937
illi,938
cent,939
killing,940
tea,941
skin,942
pt,943
steps,944
completed,945
deceased,946
tar,947
iran,948
round,949
believe,950
matters,951
weather,952
reason,953
ty,954
husband,955
stopped,956
nature,957
til,958
better,959
gone,960
gencies,961
display,962
today,963
truth,964
ick,965
ach,966
red,967
sister,968
ru,969
language,970
to,971
trust,972
opposition,973
sikh,974
difference,975
nk,976
nia,977
department,978
person,979
congratulat,980
secretary,981
roid,982
gujarat,983
j,984
connection,985
missing,986
assault,987
day,988
ba,989
candidate,990
please,991
received,992
da,993
if,994
job,995
law,996
whole,997
aur,998
ij,999
available,1000
festival,1001
ee,1002
update,1003
short,1004
electricity,1005
difficult,1006
ese,1007
dera,1008
assi,1009
buy,1010
failed,1011
cultural,1012
article,1013
pow,1014
station,1015
drugs,1016
server,1017
centre,1018
hul,1019
gandhi,1020
wait,1021
29,1022
agree,1023
political,1024
scheme,1025
nior,1026
ju,1027
ton,1028
mumbai,1029
ebruary,1030
engl,1031
used,1032
distributed,1033
stop,1034
certain,1035
rules,1036
elections,1037
necessary,1038
br,1039
gang,1040
security,1041
changed,1042
shah,1043
deep,1044
apply,1045
identity,1046
sit,1047
il,1048
live,1049
view,1050
wrote,1051
salt,1052
visit,1053
countries,1054
boys,1055
option,1056
common,1057
pregnant,1058
clip,1059
board,1060
submit,1061
names,1062
birthday,1063
safe,1064
easi,1065
fr,1066
equently,1067
direction,1068
honi,1069
captain,1070
civil,1071
terr,1072
grams,1073
ure,1074
inder,1075
responsible,1076
pal,1077
ence,1078
identified,1079
tell,1080
story,1081
actually,1082
border,1083
2,1084
train,1085
ix,1086
bal,1087
certificate,1088
prices,1089
pak,1090
fans,1091
contribute,1092
coming,1093
slice,1094
indi,1095
po,1096
procedure,1097
response,1098
governments,1099
worrie,1100
seriously,1101
awareness,1102
jehovah,1103
text,1104
color,1105
degrees,1106
debt,1107
kill,1108
heated,1109
drunk,1110
course,1111
tu,1112
views,1113
scr,1114
oll,1115
put,1116
sha,1117
10-,1118
meric,1119
peaceful,1120
[],1121
summon,1122
lic,1123
million,1124
sustain,1125
save,1126
addict,1127
black,1128
weight,1129
negative,1130
daughters,1131
level,1132
jeweller,1133
go,1134
park,1135
christ,1136
esus,1137
green,1138
break,1139
etty,1140
everywhere,1141
responsibility,1142
fulfilled,1143
fight,1144
anger,1145
kids,1146
reduce,1147
blood,1148
extreme,1149
based,1150
came,1151
cook,1152
object,1153
amendment,1154
harm,1155
population,1156
size,1157
sports,1158
military,1159
cho,1160
sweet,1161
compos,1162
wickets,1163
7,1164
tri,1165
terrorist,1166
amba,1167
ugust,1168
16,1169
guru,1170
follow,1171
ho,1172
moment,1173
justice,1174
nigeria,1175
cancer,1176
close,1177
mus,1178
cut,1179
ghee,1180
ros,1181
paris,1182
treat,1183
pass,1184
appeal,1185
plugin,1186
crisis,1187
sad,1188
construction,1189
eye,1190
loss,1191
emon,1192
ice,1193
lack,1194
vote,1195
divide,1196
acult,1197
weigh,1198
heat,1199
se,1200
ternal,1201
brother,1202
cy,1203
songs,1204
vitamin,1205
con,1206
shall,1207
48,1208
gra,1209
strict,1210
medal,1211
round,1212
exercise,1213
endra,1214
21,1215
cream,1216
bible,1217
single,1218
provide,1219
pot,1220
put,1221
led,1222
enable,1223
reputation,1224
ida,1225
shooting,1226
eign,1227
top,1228
happening,1229
air,1230
sky,1231
elsius,1232
rc,1233
build,1234
bones,1235
game,1236
blessings,1237
no,1238
pictures,1239
cant,1240
sense,1241
reject,1242
age,1243
provided,1244
mov,1245
mak,1246
josh,1247
factor,1248
inspection,1249
financ,1250
heard,1251
jobs,1252
smartphone,1253
ones,1254
ji,1255
games,1256
ministry,1257
op,1258
30,1259
street,1260
review,1261
casualt,1262
ever,1263
pur,1264
teen,1265
allegations,1266
ahm,1267
realise,1268
flight,1269
techn,1270
fateh,1271
spoon,1272
defeat,1273
ludhiana,1274
ware,1275
quake,1276
ya,1277
shops,1278
",",1279
global,1280
often,1281
wish,1282
athinda,1283
nation,1284
inside,1285
candidates,1286
ha,1287
aras,1288
at,1289
pre,1290
ov,1291
sent,1292
install,1293
hu,1294
complaint,1295
address,1296
aking,1297
title,1298
butter,1299
expectations,1300
hockey,1301
suit,1302
persons,1303
search,1304
amit,1305
bur,1306
bench,1307
bomb,1308
tasty,1309
jeet,1310
athlete,1311
arn,1312
taran,1313
exams,1314
dal,1315
suppose,1316
books,1317
tory,1318
interview,1319
increasing,1320
enough,1321
past,1322
obvious,1323
port,1324
bless,1325
interest,1326
culture,1327
su,1328
training,1329
patience,1330
commission,1331
plan,1332
ors,1333
walk,1334
muslim,1335
ins,1336
care,1337
ali,1338
members,1339
details,1340
ground,1341
officer,1342
pu,1343
nka,1344
thought,1345
old,1346
organised,1347
sought,1348
happiness,1349
arrest,1350
peace,1351
24,1352
theme,1353
io,1354
annual,1355
nied,1356
plea,1357
selection,1358
trend,1359
ana,1360
ended,1361
year,1362
ated,1363
drain,1364
registration,1365
relie,1366
pension,1367
demanded,1368
blame,1369
"15,",1370
elect,1371
since,1372
14,1373
enjoy,1374
learning,1375
mandi,1376
depend,1377
quality,1378
natur,1379
busy,1380
mm,1381
rank,1382
again,1383
iv,1384
big,1385
support,1386
particular,1387
live,1388
items,1389
chin,1390
authorities,1391
van,1392
instagram,1393
"""""",1394
touch,1395
2020,1396
perform,1397
interrogated,1398
medic,1399
aught,1400
fear,1401
buses,1402
ist,1403
dish,1404
bi,1405
ddler,1406
configuration,1407
listen,1408
violence,1409
word,1410
nagar,1411
highway,1412
attempt,1413
grow,1414
low,1415
smile,1416
dreams,1417
poet,1418
role,1419
ood,1420
beings,1421
complete,1422
experience,1423
"?""",1424
harvest,1425
statement,1426
detained,1427
nam,1428
radesh,1429
charge,1430
session,1431
six,1432
board,1433
place,1434
fighting,1435
third,1436
spread,1437
ha,1438
sa,1439
mom,1440
honoured,1441
%(,1442
merican,1443
administration,1444
letter,1445
smuggling,1446
films,1447
mbedkar,1448
warm,1449
useful,1450
company,1451
efficien,1452
exam,1453
schedule,1454
cars,1455
vis,1456
oshan,1457
product,1458
express,1459
choreograph,1460
diet,1461
bother,1462
sted,1463
paste,1464
stick,1465
asking,1466
parties,1467
cast,1468
official,1469
cricket,1470
tourney,1471
ang,1472
changing,1473
bul,1474
amp,1475
fix,1476
victim,1477
viewpoint,1478
lock,1479
pl,1480
enty,1481
sensitive,1482
55,1483
markets,1484
medicine,1485
previous,1486
#,1487
week,1488
basis,1489
battery,1490
families,1491
wall,1492
pa,1493
volume,1494
increased,1495
mist,1496
using,1497
personal,1498
password,1499
powerful,1500
silver,1501
eem,1502
53,1503
winter,1504
ck,1505
himla,1506
rail,1507
rupt,1508
teacher,1509
khar,1510
international,1511
community,1512
cleanliness,1513
institute,1514
radi,1515
mo,1516
-2,1517
adu,1518
ala,1519
claim,1520
erritory,1521
esh,1522
bsc,1523
program,1524
nabbed,1525
lies,1526
prof,1527
nnel,1528
cc,1529
champions,1530
hip,1531
skill,1532
learn,1533
therefore,1534
hospitalised,1535
farmer,1536
himself,1537
almo,1538
mix,1539
mil,1540
sham,1541
trouble,1542
approved,1543
robber,1544
dv,1545
approach,1546
button,1547
germ,1548
properties,1549
agricultur,1550
heck,1551
perfect,1552
ube,1553
shift,1554
leprosy,1555
mb,1556
impact,1557
hospitals,1558
broke,1559
themselves,1560
cycle,1561
crowd,1562
alone,1563
medium,1564
ize,1565
150,1566
60,1567
loote,1568
bike,1569
loan,1570
me,1571
bag,1572
snatch,1573
river,1574
abha,1575
simple,1576
for,1577
lines,1578
arm,1579
ling,1580
brave,1581
diplomat,1582
dy,1583
crops,1584
document,1585
sla,1586
terrorists,1587
decor,1588
hou,1589
discussed,1590
column,1591
attacked,1592
escalat,1593
aint,1594
john,1595
frighten,1596
influence,1597
preparation,1598
gb,1599
white,1600
mi,1601
og,1602
stronger,1603
entertainment,1604
conditions,1605
nez,1606
commence,1607
2014,1608
strateg,1609
rom,1610
spar,1611
ked,1612
music,1613
afraid,1614
-3,1615
-16,1616
maha,1617
shiv,1618
rooftop,1619
majority,1620
stone,1621
tour,1622
further,1623
elaborat,1624
logged,1625
doing,1626
collapsed,1627
gram,1628
assembly,1629
vad,1630
cl,1631
seats,1632
71,1633
republic,1634
sitting,1635
independent,1636
legislat,1637
quality,1638
distress,1639
delight,1640
oogle,1641
hate,1642
eum,1643
petrol,1644
diesel,1645
simpl,1646
monitor,1647
accommodation,1648
needed,1649
ap,1650
aries,1651
call,1652
fra,1653
else,1654
gh,1655
met,1656
cross,1657
spouse,1658
phones,1659
motor,1660
lik,1661
disappointed,1662
pped,1663
invest,1664
recommendations,1665
starts,1666
payment,1667
tre,1668
thanks,1669
huge,1670
400,1671
command,1672
inaugurate,1673
ani,1674
adjud,1675
ged,1676
player,1677
ine,1678
leg,1679
russia,1680
concern,1681
padma,1682
avat,1683
capacity,1684
dear,1685
readers,1686
judge,1687
ab,1688
lie,1689
followed,1690
remote,1691
nar,1692
mahesh,1693
28,1694
now,1695
bottle,1696
appropriate,1697
ory,1698
inter,1699
ating,1700
den,1701
stable,1702
rich,1703
rescued,1704
facts,1705
concludes,1706
sector,1707
over,1708
arms,1709
blasts,1710
welcome,1711
icon,1712
user,1713
half,1714
ack,1715
north,1716
east,1717
organiz,1718
observation,1719
goods,1720
beautiful,1721
gistrat,1722
class,1723
kan,1724
elephant,1725
mas,1726
resolve,1727
flavourful,1728
climate,1729
marriage,1730
jay,1731
tu,1732
shop,1733
smiling,1734
box,1735
psalm,1736
2.,1737
31,1738
point,1739
supply,1740
affected,1741
her,1742
count,1743
side,1744
resign,1745
maintain,1746
basic,1747
ities,1748
citizens,1749
fast,1750
lia,1751
sort,1752
instance,1753
af,1754
born,1755
sentence,1756
sur,1757
late,1758
might,1759
forget,1760
industry,1761
nor,1762
expected,1763
fail,1764
efforts,1765
deep,1766
talking,1767
explosion,1768
declar,1769
tv,1770
ver,1771
drop,1772
range,1773
ellow,1774
ooja,1775
par,1776
dia,1777
els,1778
tense,1779
login,1780
ardhan,1781
fre,1782
blue,1783
resumed,1784
exist,1785
pick,1786
cap,1787
mis,1788
angel,1789
millions,1790
sole,1791
photos,1792
solution,1793
cheese,1794
bama,1795
off,1796
chari,1797
access,1798
additional,1799
cancelled,1800
suspects,1801
relat,1802
moha,1803
cloud,1804
ttle,1805
gre,1806
cur,1807
ek,1808
burnt,1809
xi,1810
exhibit,1811
unny,1812
edition,1813
wan,1814
abo,1815
rule,1816
handi,1817
mit,1818
hindu,1819
persist,1820
though,1821
migrant,1822
runn,1823
files,1824
panchayat,1825
mental,1826
illness,1827
pressure,1828
q,1829
united,1830
recent,1831
right,1832
anybody,1833
500,1834
cheaper,1835
style,1836
parking,1837
70,1838
rain,1839
accuse,1840
honour,1841
raq,1842
ron,1843
back,1844
bring,1845
silen,1846
du,1847
mla,1848
bir,1849
effective,1850
office,1851
decisions,1852
nav,1853
followers,1854
extent,1855
ay,1856
hearing,1857
silent,1858
aram,1859
conference,1860
abroad,1861
bli,1862
ival,1863
acceptable,1864
traumati,1865
future,1866
parents,1867
watch,1868
kali,1869
ta,1870
motorcycle,1871
reposi,1872
coco,1873
standard,1874
22,1875
ni,1876
ask,1877
load,1878
businessmen,1879
franc,1880
pe,1881
apricorn,1882
notes,1883
knew,1884
data,1885
burn,1886
raid,1887
becomes,1888
head,1889
shou,1890
eeping,1891
interact,1892
feed,1893
beginning,1894
inmate,1895
soul,1896
aware,1897
nu,1898
force,1899
contact,1900
consuming,1901
daily,1902
dar,1903
han,1904
uck,1905
gery,1906
action,1907
alleged,1908
looks,1909
location,1910
installed,1911
flood,1912
fe,1913
yre,1914
constitutional,1915
2021,1916
involv,1917
reports,1918
non,1919
chill,1920
hear,1921
month,1922
thereafter,1923
roads,1924
how,1925
str,1926
category,1927
earthquake,1928
import,1929
account,1930
hc,1931
otherwise,1932
ped,1933
regular,1934
searching,1935
others,1936
tribute,1937
hopra,1938
syrian,1939
refugee,1940
rd,1941
complex,1942
month,1943
orious,1944
coronavirus,1945
bill,1946
environment,1947
swi,1948
takes,1949
sixth,1950
warn,1951
store,1952
ats,1953
ml,1954
cold,1955
outside,1956
ign,1957
ac,1958
via,1959
bombing,1960
movies,1961
ft,1962
viral,1963
fat,1964
bi,1965
sometimes,1966
na,1967
ram,1968
hem,1969
percent,1970
window,1971
dark,1972
capt,1973
cloth,1974
beside,1975
legal,1976
ban,1977
agenda,1978
disc,1979
splend,1980
eight,1981
protect,1982
investigate,1983
figure,1984
dig,1985
drawing,1986
lunch,1987
trains,1988
temperature,1989
va,1990
areas,1991
ans,1992
defer,1993
superintendent,1994
maint,1995
ance,1996
voice,1997
ng,1998
accepted,1999
thousands,2000
litre,2001
cm,2002
rock,2003
divulge,2004
lose,2005
behind,2006
period,2007
5,2008
20,2009
mark,2010
forgive,2011
audience,2012
lawyer,2013
toward,2014
neg,2015
join,2016
kar,2017
apolog,2018
ised,2019
goals,2020
my,2021
alternative,2022
pping,2023
informer,2024
tests,2025
resent,2026
boost,2027
bri,2028
ariff,2029
played,2030
ball,2031
customer,2032
kar,2033
tan,2034
ongoing,2035
league,2036
activist,2037
loans,2038
extra,2039
hetty,2040
sessions,2041
girl,2042
australia,2043
wati,2044
handle,2045
"""""",2046
"""",2047
narrat,2048
karnatak,2049
lynch,2050
ature,2051
rubb,2052
yield,2053
dist,2054
succeeded,2055
interrogat,2056
focus,2057
auto,2058
citizenship,2059
nce,2060
dare,2061
rescue,2062
char,2063
foundation,2064
pain,2065
gal,2066
technique,2067
expensive,2068
sexual,2069
sight,2070
habit,2071
false,2072
character,2073
kind,2074
surface,2075
four,2076
severe,2077
gr,2078
rejected,2079
order,2080
democracy,2081
32,2082
acebook,2083
return,2084
building,2085
wounded,2086
muni,2087
sanit,2088
wide,2089
spread,2090
kash,2091
ga,2092
swa,2093
internet,2094
suspended,2095
minds,2096
gant,2097
tusk,2098
can,2099
ache,2100
un,2101
stabili,2102
picture,2103
studi,2104
aw,2105
credit,2106
civilians,2107
challenges,2108
stated,2109
request,2110
ag,2111
ph,2112
uc,2113
excellen,2114
visha,2115
investigat,2116
year,2117
rds,2118
colli,2119
sion,2120
communication,2121
amir,2122
ukh,2123
estimat,2124
farm,2125
ceremony,2126
david,2127
54,2128
proceedings,2129
ex,2130
lower,2131
chance,2132
hieve,2133
inse,2134
climb,2135
donate,2136
itself,2137
cong,2138
imran,2139
rec,2140
organisations,2141
ministers,2142
remand,2143
villagers,2144
line,2145
crashe,2146
recovery,2147
pat,2148
audi,2149
design,2150
responsibilities,2151
chand,2152
morning,2153
co,2154
popular,2155
trees,2156
objective,2157
limit,2158
wat,2159
president,2160
market,2161
preserve,2162
carefully,2163
fashion,2164
project,2165
teaching,2166
celebrations,2167
correct,2168
possible,2169
hennai,2170
installation,2171
progress,2172
successful,2173
unfortunate,2174
arrangements,2175
ern,2176
cr,2177
ption,2178
guarantee,2179
roa,2180
till,2181
email,2182
translator,2183
thyroid,2184
transport,2185
har,2186
remov,2187
incidents,2188
van,2189
released,2190
qui,2191
nut,2192
capture,2193
ermany,2194
surprised,2195
exact,2196
lives,2197
"!""",2198
worship,2199
pull,2200
aryana,2201
seek,2202
king,2203
critical,2204
layers,2205
stars,2206
amaz,2207
rape,2208
share,2209
gle,2210
seduce,2211
involves,2212
17,2213
argu,2214
prepared,2215
superstar,2216
uri,2217
fair,2218
reply,2219
medicines,2220
00,2221
ika,2222
marks,2223
ib,2224
2013,2225
matt,2226
gb,2227
unique,2228
airline,2229
shambles,2230
nominat,2231
comedy,2232
owner,2233
throw,2234
acid,2235
",""""",2236
duo,2237
etc,2238
enthusiasm,2239
latin,2240
generation,2241
bra,2242
dum,2243
motive,2244
assailants,2245
fortnight,2246
governance,2247
organisation,2248
shock,2249
2002,2250
protested,2251
250,2252
gambling,2253
shri,2254
uff,2255
dispute,2256
exp,2257
machine,2258
calls,2259
either,2260
q,2261
rem,2262
destroy,2263
alcohol,2264
conduct,2265
poll,2266
papers,2267
flat,2268
shashank,2269
haitan,2270
preparations,2271
sw,2272
18,2273
kal,2274
ka,2275
grand,2276
garlic,2277
halini,2278
dau,2279
lending,2280
institutions,2281
li,2282
colleagues,2283
mega,2284
selfi,2285
dden,2286
people,2287
dhar,2288
resource,2289
bai,2290
ject,2291
finished,2292
bound,2293
abuse,2294
retaliated,2295
firing,2296
means,2297
sides,2298
modifi,2299
congratulate,2300
uresh,2301
secretaries,2302
ww,2303
psycholog,2304
15,2305
overturn,2306
trail,2307
phone,2308
atmosphere,2309
suggest,2310
commodities,2311
cheat,2312
strain,2313
mixture,2314
bowl,2315
squa,2316
millimet,2317
gain,2318
analys,2319
fuel,2320
trip,2321
hor,2322
spokesperson,2323
diagnos,2324
shahee,2325
dham,2326
lift,2327
secret,2328
inquir,2329
fortunate,2330
clothe,2331
cremat,2332
decide,2333
sacrifice,2334
miscreants,2335
colours,2336
cha,2337
metal,2338
tongue,2339
straight,2340
flaw,2341
spinn,2342
mill,2343
mini,2344
qua,2345
oy,2346
uch,2347
code,2348
129,2349
bold,2350
apply,2351
level,2352
pakistani,2353
lodge,2354
curr,2355
ied,2356
corp,2357
branch,2358
vacant,2359
terior,2360
register,2361
banned,2362
eventualities,2363
1955,2364
acqu,2365
2:,2366
youngsters,2367
700,2368
plann,2369
roject,2370
cqui,2371
sition,2372
suit,2373
prominen,2374
cinema,2375
solutions,2376
value,2377
reserve,2378
ve,2379
uel,2380
conductor,2381
anxiet,2382
laya,2383
lam,2384
13,2385
6-1,2386
port,2387
innocent,2388
heaven,2389
employee,2390
bun,2391
gling,2392
spectator,2393
tractor,2394
dream,2395
ab,2396
task,2397
star,2398
inner,2399
locality,2400
amera,2401
moun,2402
sudden,2403
pollut,2404
prise,2405
circuit,2406
evidence,2407
orders,2408
appli,2409
condemns,2410
finding,2411
sections,2412
nganwadi,2413
players,2414
tax,2415
politicians,2416
labour,2417
lish,2418
reland,2419
provid,2420
budget,2421
shopping,2422
debu,2423
ging,2424
hot,2425
rent,2426
violation,2427
ca,2428
prevent,2429
uses,2430
custom,2431
slide,2432
shows,2433
calm,2434
festivities,2435
outcome,2436
resist,2437
47,2438
brows,2439
bike,2440
arguments,2441
tough,2442
humanity,2443
interpret,2444
opposite,2445
connect,2446
sho,2447
develop,2448
resilience,2449
origin,2450
preference,2451
specific,2452
terrorism,2453
lus,2454
bhupinder,2455
propos,2456
detect,2457
dyal,2458
row,2459
campus,2460
potatoes,2461
terestingly,2462
numbers,2463
dharna,2464
94,2465
dsp,2466
ranjit,2467
copy,2468
box,2469
wise,2470
time,2471
rout,2472
bott,2473
clarifie,2474
witter,2475
imposed,2476
fairness,2477
ima,2478
decided,2479
pensioners,2480
elder,2481
bigge,2482
economy,2483
ox,2484
tree,2485
56,2486
matches,2487
vitation,2488
que,2489
continuous,2490
door,2491
rance,2492
sensor,2493
57,2494
fall,2495
mistake,2496
moral,2497
standards,2498
fatal,2499
arch,2500
direct,2501
indi,2502
viation,2503
entry,2504
lac,2505
less,2506
nearby,2507
employment,2508
appear,2509
repair,2510
udder,2511
knowledge,2512
occurred,2513
10.,2514
30,2515
holiday,2516
christian,2517
actions,2518
tribun,2519
homes,2520
age,2521
front,2522
package,2523
downloaded,2524
monk,2525
operator,2526
privilege,2527
risk,2528
veer,2529
concerned,2530
continued,2531
uncertain,2532
mark,2533
indoor,2534
pollution,2535
roc,2536
ket,2537
ugh,2538
watching,2539
oth,2540
idea,2541
diabet,2542
=%,2543
boo,2544
excit,2545
approve,2546
tification,2547
agreement,2548
recruit,2549
implemented,2550
cool,2551
secur,2552
har,2553
142,2554
aspects,2555
airport,2556
shut,2557
procure,2558
capital,2559
abad,2560
angry,2561
ignore,2562
sew,2563
move,2564
wisdom,2565
emotional,2566
balance,2567
replace,2568
ther,2569
donald,2570
similar,2571
fan,2572
far,2573
tab,2574
badges,2575
motivate,2576
preach,2577
childhood,2578
memorable,2579
nirmal,2580
adds,2581
flavour,2582
with,2583
neighbour,2584
gather,2585
alert,2586
gruel,2587
inch,2588
perceive,2589
lywood,2590
industries,2591
writer,2592
mber,2593
trophy,2594
agriculture,2595
scienti,2596
shi,2597
roman,2598
gurdwara,2599
bandh,2600
pandemic,2601
blog,2602
imm,2603
ncil,2604
quick,2605
tical,2606
djustment,2607
wi,2608
chur,2609
ning,2610
ography,2611
rajasthan,2612
cp,2613
yurved,2614
institution,2615
ries,2616
nant,2617
theatre,2618
soldier,2619
voter,2620
colleges,2621
quot,2622
ota,2623
infrastructure,2624
ywhere,2625
elective,2626
chat,2627
*,2628
categories,2629
if,2630
used,2631
badal,2632
cord,2633
friendly,2634
strengthen,2635
ready,2636
manth,2637
brahm,2638
khti,2639
sad,2640
"80,000",2641
personnel,2642
bahadur,2643
table,2644
admit,2645
ehri,2646
election,2647
atiala,2648
recreat,2649
eneficial,2650
pray,2651
soft,2652
upgrade,2653
observed,2654
89,2655
breath,2656
electronic,2657
subject,2658
devot,2659
ges,2660
ni,2661
launched,2662
8.,2663
28,2664
spokesman,2665
sar,2666
gur,2667
nep,2668
proposal,2669
ull,2670
emb,2671
nomination,2672
commerce,2673
quarter,2674
finals,2675
mad,2676
executive,2677
ender,2678
criticise,2679
comfort,2680
react,2681
expert,2682
cycle,2683
growth,2684
cycl,2685
kanta,2686
stories,2687
renam,2688
vija,2689
functionaries,2690
strength,2691
number,2692
pride,2693
judic,2694
advocate,2695
guilty,2696
contemp,2697
49,2698
come,2699
ersey,2700
states,2701
animal,2702
pose,2703
dances,2704
instalment,2705
concept,2706
shed,2707
extended,2708
comm,2709
od,2710
avy,2711
batt,2712
ttarakhand,2713
heema,2714
capabilities,2715
slow,2716
down,2717
mo,2718
flag,2719
greet,2720
kir,2721
arriv,2722
yal,2723
draw,2724
worked,2725
poster,2726
prosperity,2727
favor,2728
stir,2729
bored,2730
tch,2731
ike,2732
harar,2733
idhu,2734
amend,2735
regulations,2736
05.08.2020,2737
thro,2738
challenge,2739
temperatures,2740
degree,2741
relations,2742
hydrat,2743
astic,2744
ggregation,2745
eena,2746
alarming,2747
state,2748
jot,2749
chh,2750
ward,2751
convey,2752
considerably,2753
conduct,2754
messages,2755
http,2756
magni,2757
fic,2758
agency,2759
nag,2760
calendar,2761
jump,2762
gita,2763
enforce,2764
papa,2765
some,2766
barricade,2767
india,2768
friend,2769
mount,2770
gations,2771
pornography,2772
spoke,2773
stress,2774
harb,2775
halsa,2776
excel,2777
ca,2778
badly,2779
damaged,2780
corporate,2781
196,2782
meh,2783
arb,2784
lying,2785
late,2786
ealing,2787
annually,2788
artist,2789
folder,2790
gaz,2791
gas,2792
joke,2793
sensation,2794
sale,2795
uldeep,2796
improve,2797
setup,2798
rainfall,2799
respi,2800
smack,2801
arab,2802
execut,2803
ric,2804
origin,2805
uk,2806
terror,2807
counsel,2808
wicked,2809
chal,2810
moh,2811
rri,2812
danger,2813
revis,2814
outcomes,2815
bit,2816
orient,2817
brazil,2818
reddy,2819
member,2820
rains,2821
lash,2822
mail,2823
together,2824
45,2825
original,2826
distort,2827
traditional,2828
classroom,2829
ove,2830
remote,2831
sisters,2832
librar,2833
circula,2834
ct,2835
lifted,2836
part,2837
established,2838
sealed,2839
nurse,2840
bric,2841
railway,2842
research,2843
3.,2844
respect,2845
case,2846
talent,2847
lakhs,2848
mention,2849
opposing,2850
fetch,2851
ransmission,2852
nin,2853
speed,2854
automatic,2855
acquitted,2856
avail,2857
use,2858
presence,2859
espec,2860
ially,2861
integrate,2862
floor,2863
que,2864
commercial,2865
arrange,2866
martyr,2867
welf,2868
are,2869
association,2870
ld,2871
buil,2872
cient,2873
dri,2874
absconding,2875
retired,2876
jawan,2877
drawn,2878
trader,2879
organiz,2880
finance,2881
accept,2882
item,2883
irregularities,2884
min,2885
utes,2886
coming,2887
utical,2888
care,2889
connected,2890
1999,2891
either,2892
emple,2893
mosque,2894
warrant,2895
win,2896
tragic,2897
ohli,2898
slip,2899
effort,2900
ker,2901
ik,2902
martyrs,2903
lwa,2904
priya,2905
votes,2906
restart,2907
communica,2908
administrati,2909
ongyearbyen,2910
kidnapp,2911
erate,2912
ubsequently,2913
diya,2914
withdraw,2915
threat,2916
assist,2917
ndling,2918
ukherjee,2919
require,2920
material,2921
ometimes,2922
turban,2923
driving,2924
rob,2925
undergo,2926
bruis,2927
ake,2928
bo,2929
purchas,2930
uction,2931
resident,2932
vel,2933
37,2934
lly,2935
ride,2936
deteriorat,2937
bigg,2938
mock,2939
agreed,2940
bronze,2941
of,2942
him,2943
withdrawn,2944
ltimate,2945
zech,2946
iah,2947
screen,2948
amarinder,2949
collect,2950
center,2951
brigade,2952
pollut,2953
luck,2954
impediment,2955
125,2956
solved,2957
recruitment,2958
understandable,2959
america,2960
vi,2961
allege,2962
rture,2963
rating,2964
picked,2965
questioned,2966
wer,2967
governor,2968
meanwhile,2969
winners,2970
loving,2971
fund,2972
employment,2973
marg,2974
indefinite,2975
race,2976
bear,2977
rev,2978
militants,2979
gun,2980
fight,2981
ver,2982
destruction,2983
discharge,2984
groups,2985
someone,2986
2011,2987
broad,2988
band,2989
(%,2990
%%%,2991
33,2992
outstanding,2993
west,2994
cabinet,2995
olog,2996
0,2997
col,2998
extend,2999
ness,3000
thoughts,3001
shar,3002
abstain,3003
450,3004
practical,3005
consume,3006
ginger,3007
ocratic,3008
mila,3009
ft,3010
plu,3011
gged,3012
winn,3013
substitute,3014
ipped,3015
tears,3016
74,3017
pc,3018
excessive,3019
committ,3020
entity,3021
96,3022
deaths,3023
yesterday,3024
vigil,3025
districts,3026
minent,3027
personalities,3028
freedom,3029
2016,3030
division,3031
football,3032
aeros,3033
anthropogenic,3034
surance,3035
platform,3036
higher,3037
imp,3038
imagine,3039
represent,3040
ture,3041
cal,3042
length,3043
chair,3044
storage,3045
space,3046
owing,3047
targeted,3048
tag,3049
chandra,3050
yaan,3051
000,3052
riday,3053
pu,3054
bail,3055
xim,3056
39,3057
innings,3058
33,3059
complain,3060
shared,3061
content,3062
emotion,3063
ls,3064
host,3065
euro,3066
battle,3067
culprit,3068
stand,3069
sign,3070
tual,3071
fulfill,3072
promise,3073
spreading,3074
rumours,3075
merit,3076
already,3077
examination,3078
conducted,3079
riders,3080
partner,3081
companion,3082
ship,3083
cite,3084
example,3085
trick,3086
gear,3087
plying,3088
",000",3089
protein,3090
floods,3091
ducted,3092
lost,3093
experienc,3094
ties,3095
track,3096
irbha,3097
dra,3098
roadcasting,3099
dri,3100
chances,3101
verge,3102
crack,3103
cannabis,3104
protesters,3105
hine,3106
paper,3107
tilkut,3108
honor,3109
bullet,3110
fir,3111
raj,3112
own,3113
function,3114
safeguard,3115
egg,3116
businessman,3117
apoor,3118
eeti,3119
animals,3120
misbehavi,3121
ip,3122
relevan,3123
technolog,3124
grace,3125
umble,3126
myself,3127
materials,3128
participate,3129
contest,3130
located,3131
hhattisgarh,3132
ussain,3133
verse,3134
roles,3135
resh,3136
served,3137
demands,3138
informed,3139
sketch,3140
score,3141
187,3142
overs,3143
mountain,3144
region,3145
line,3146
switch,3147
referr,3148
situations,3149
least,3150
cipal,3151
corporation,3152
gla,3153
5:,3154
vivek,3155
ananda,3156
comment,3157
nda,3158
lit,3159
nomin,3160
monopol,3161
ig,3162
convention,3163
jai,3164
demise,3165
guru,3166
jit,3167
credi,3168
dmi,3169
scared,3170
temp,3171
va,3172
bedroom,3173
elecom,3174
mergency,3175
landing,3176
app,3177
lauded,3178
resurrection,3179
restor,3180
ja,3181
awarded,3182
achievements,3183
consequences,3184
export,3185
trials,3186
64,3187
tradition,3188
spect,3189
importance,3190
advance,3191
manufactur,3192
endeavor,3193
pak,3194
istan,3195
faithful,3196
erala,3197
years,3198
cooperation,3199
chest,3200
confess,3201
carried,3202
spared,3203
weakness,3204
ches,3205
cles,3206
closed,3207
purpose,3208
abu,3209
ddin,3210
intention,3211
ally,3212
unity,3213
9,3214
mates,3215
wire,3216
ravi,3217
shastri,3218
retain,3219
coach,3220
guide,3221
hok,3222
bhushan,3223
300,3224
opened,3225
route,3226
blacklist,3227
form,3228
defi,3229
slight,3230
hard,3231
atinder,3232
ulakh,3233
read,3234
feeling,3235
practice,3236
exception,3237
exchange,3238
converse,3239
rising,3240
effectively,3241
greatest,3242
receive,3243
variant,3244
consist,3245
appreciated,3246
kaj,3247
@,3248
ptly,3249
sbi,3250
warning,3251
ned,3252
debate,3253
rai,3254
sons,3255
ung,3256
mish,3257
slam,3258
cci,3259
fully,3260
ervicemen,3261
fee,3262
slabs,3263
investment,3264
catch,3265
75,3266
able,3267
safely,3268
overlook,3269
traced,3270
exc,3271
tweet,3272
merc,3273
female,3274
by,3275
ci,3276
launch,3277
120,3278
granted,3279
betrayed,3280
stumbl,3281
block,3282
'',3283
solid,3284
arity,3285
worth,3286
dial,3287
ogue,3288
fi,3289
counter,3290
attack,3291
representatives,3292
gathering,3293
tor,3294
mi,3295
ley,3296
cy,3297
highlight,3298
settle,3299
depart,3300
appearance,3301
ele,3302
reap,3303
painful,3304
mp,3305
collapse,3306
lend,3307
participants,3308
ribe,3309
grievances,3310
above,3311
vision,3312
presence,3313
vert,3314
disaster,3315
reach,3316
mally,3317
holy,3318
shrine,3319
production,3320
blast,3321
galore,3322
combination,3323
soor,3324
aliba,3325
attention,3326
assistance,3327
badminton,3328
38,3329
ikram,3330
ajith,3331
hill,3332
cli,3333
vin,3334
early,3335
eorge,3336
mal,3337
extortion,3338
plant,3339
bu,3340
sacred,3341
de,3342
twice,3343
vast,3344
episode,3345
unopposed,3346
petitioner,3347
definitely,3348
pitch,3349
petition,3350
filed,3351
gu,3352
tted,3353
sta,3354
bbed,3355
2012,3356
khai,3357
mortuary,3358
examined,3359
hotel,3360
bhaga,3361
dev,3362
2018,3363
uttar,3364
secure,3365
ntertainment,3366
viet,3367
tion,3368
phase,3369
550,3370
pra,3371
earn,3372
secur,3373
super,3374
lement,3375
wheat,3376
profit,3377
indicat,3378
sea,3379
rel,3380
ieved,3381
achieve,3382
prun,3383
slog,3384
scale,3385
bar,3386
nice,3387
spend,3388
dm,3389
situat,3390
engaluru,3391
industri,3392
corridor,3393
chain,3394
cages,3395
km,3396
gin,3397
encourag,3398
"12,",3399
2009,3400
constant,3401
supervis,3402
standing,3403
usual,3404
lak,3405
plans,3406
whe,3407
uncommon,3408
25,3409
philippi,3410
aircraft,3411
pande,3412
gra,3413
revoca,3414
letters,3415
alerted,3416
mean,3417
brain,3418
child,3419
nanak,3420
condemn,3421
comments,3422
ett,3423
ucker,3424
berg,3425
une,3426
now,3427
1001,3428
absconded,3429
initial,3430
wamy,3431
caught,3432
handed,3433
prophec,3434
arian,3435
taxi,3436
hormone,3437
ten,3438
dering,3439
quickly,3440
household,3441
oli,3442
ism,3443
fake,3444
confident,3445
offer,3446
babu,3447
saying,3448
rabia,3449
losses,3450
rupee,3451
offices,3452
angana,3453
hood,3454
1995,3455
verbal,3456
cutting,3457
ner,3458
convict,3459
duty,3460
organ,3461
ify,3462
ador,3463
usage,3464
legend,3465
embarrass,3466
feelings,3467
banks,3468
observe,3469
tackle,3470
ejriwal,3471
rthwest,3472
awalpindi,3473
effig,3474
joy,3475
laws,3476
belie,3477
physical,3478
arrive,3479
imbabwe,3480
series,3481
collaborat,3482
hish,3483
preet,3484
hide,3485
trace,3486
celebrating,3487
fficien,3488
listic,3489
definition,3490
tweeted,3491
hundred,3492
somewhere,3493
consum,3494
confidence,3495
card,3496
well,3497
remove,3498
alaysia,3499
intercept,3500
boat,3501
rohi,3502
thrash,3503
fortunately,3504
surviv,3505
tomato,3506
renew,3507
transfer,3508
anjeev,3509
releas,3510
field,3511
lok,3512
passe,3513
statistic,3514
grim,3515
graphical,3516
cise,3517
hu,3518
admi,3519
claim,3520
plane,3521
ali,3522
encroachment,3523
real,3524
prove,3525
salm,3526
outfit,3527
surrounding,3528
harsh,3529
grace,3530
ards,3531
license,3532
aiah,3533
rasad,3534
journey,3535
kde,3536
mohal,3537
ndp,3538
technology,3539
dras,3540
supplement,3541
despi,3542
mc,3543
rejoice,3544
salar,3545
hra,3546
hang,3547
moha,3548
encounter,3549
liberalism,3550
forest,3551
advice,3552
13,3553
hat,3554
trick,3555
precious,3556
inheritance,3557
cbse,3558
sheet,3559
cyclist,3560
10,3561
vend,3562
ily,3563
east,3564
29,3565
mar,3566
announcement,3567
epi,3568
emic,3569
demand,3570
clash,3571
hmedabad,3572
celebration,3573
cancel,3574
laugh,3575
nawaz,3576
residence,3577
tender,3578
witness,3579
praise,3580
boo,3581
hail,3582
occur,3583
fooled,3584
le,3585
optional,3586
wonder,3587
bond,3588
bowler,3589
giv,3590
info,3591
relax,3592
minerals,3593
study,3594
range,3595
recogni,3596
photograph,3597
onia,3598
studies,3599
sedition,3600
gov,3601
method,3602
awaited,3603
places,3604
dal,3605
affair,3606
offers,3607
availab,3608
ility,3609
suspension,3610
disease,3611
ollywood,3612
humans,3613
refused,3614
ushka,3615
sure,3616
push,3617
pregnancy,3618
bha,3619
achieved,3620
thus,3621
waive,3622
busted,3623
permit,3624
criminal,3625
protestor,3626
opium,3627
stoo,3628
ghal,3629
poverty,3630
hails,3631
adhya,3632
prize,3633
distribution,3634
din,3635
woo,3636
furniture,3637
pol,3638
vehicles,3639
delay,3640
temper,3641
lowly,3642
tru,3643
dev,3644
wd,3645
dropped,3646
teenager,3647
ke,3648
asa,3649
cave,3650
guard,3651
ception,3652
calamity,3653
5.,3654
lect,3655
kom,3656
qualifie,3657
olympic,3658
eliminate,3659
notification,3660
95,3661
6.,3662
yourselves,3663
mosquito,3664
repellen,3665
opinion,3666
divert,3667
defend,3668
35,3669
70,3670
rk,3671
term,3672
manager,3673
equipment,3674
prob,3675
ably,3676
fracture,3677
karan,3678
projects,3679
radh,3680
bh,3681
bas,3682
earlier,3683
trib,3684
aisi,3685
remarks,3686
anded,3687
min,3688
hamm,3689
miss,3690
unil,3691
dwara,3692
management,3693
90,3694
centres,3695
normal,3696
beat,3697
adopt,3698
danc,3699
crores,3700
unknown,3701
thick,3702
thin,3703
da,3704
stee,3705
iron,3706
flow,3707
broken,3708
meth,3709
rin,3710
meal,3711
nger,3712
morality,3713
dav,3714
feeding,3715
brea,3716
infant,3717
doors,3718
avia,3719
unite,3720
tin,3721
vati,3722
sanctity,3723
thousand,3724
turned,3725
meaning,3726
lar,3727
ounce,3728
greeting,3729
discipline,3730
remors,3731
land,3732
widely,3733
cognisa,3734
journal,3735
ideology,3736
offence,3737
izz,3738
vin,3739
enormous,3740
dignit,3741
baby,3742
immun,3743
tta,3744
wealth,3745
mon,3746
trigger,3747
mass,3748
abul,3749
athankot,3750
attacker,3751
eventual,3752
rest,3753
liter,3754
everyday,3755
rates,3756
targets,3757
computer,3758
cooperat,3759
onsequently,3760
dismiss,3761
touris,3762
formats,3763
arna,3764
ahead,3765
abh,3766
achchan,3767
thma,3768
town,3769
africa,3770
com,3771
braham,3772
tha,3773
pro,3774
34,3775
surge,3776
+,3777
128,3778
999,3779
500,3780
exercising,3781
failure,3782
luke,3783
warm,3784
delegation,3785
elusive,3786
nder,3787
seeds,3788
ris,3789
surp,3790
rising,3791
underst,3792
hot,3793
dua,3794
ater,3795
essential,3796
commodit,3797
demo,3798
crat,3799
oppose,3800
conce,3801
zer,3802
horn,3803
turk,3804
plants,3805
fa,3806
jailed,3807
lad,3808
room,3809
position,3810
acquire,3811
udd,3812
injury,3813
head,3814
eet,3815
joh,3816
charge,3817
gp,3818
cooking,3819
crying,3820
gobind,3821
rashtra,3822
tournament,3823
snap,3824
answering,3825
ips,3826
punishment,3827
parallel,3828
UNK,0
PAD,1
